route_id,station_id,created_at,station_order,flag,plate_no1,location_no1,predict_time1,remain_seat_cnt1,plate_no2,location_no2,predict_time2,remain_seat_cnt2
a,b,2024-04-27 10:03:03 UTC,,,,,,,,,,
200000112,203000157,2024-04-28 13:56:12 UTC,,,,,,,,,,
200000112,203000157,2024-04-29 09:01:37 UTC,,,,,,,,,,
200000112,203000157,2024-04-29 09:20:32 UTC,,,,,,,,,,
200000112,203000157,2024-04-29 09:20:39 UTC,,,,,,,,,,
200000112,203000157,2024-04-29 09:21:37 UTC,,,,,,,,,,
200000112,203000157,2024-04-29 09:22:36 UTC,,,,,,,,,,
200000112,203000157,2024-04-29 09:23:40 UTC,,,,,,,,,,
200000112,203000157,2024-04-29 09:24:36 UTC,,,,,,,,,,
200000112,203000157,2024-04-29 09:25:36 UTC,,,,,,,,,,
200000112,203000157,2024-04-29 09:26:37 UTC,,,,,,,,,,
200000112,203000157,2024-04-29 09:27:37 UTC,,,,,,,,,,
200000112,203000157,2024-04-29 09:28:37 UTC,,,,,,,,,,
200000112,203000157,2024-04-29 09:29:36 UTC,,,,,,,,,,
200000112,203000157,2024-04-29 09:30:39 UTC,,,,,,,,,,
200000112,203000157,2024-04-29 09:31:37 UTC,,,,,,,,,,
200000112,203000157,2024-04-29 09:32:37 UTC,,,,,,,,,,
200000112,203000157,2024-04-29 09:33:36 UTC,,,,,,,,,,
200000112,203000157,2024-04-29 09:34:36 UTC,,,,,,,,,,
200000112,203000157,2024-04-29 09:42:37 UTC,,,,,,,,,,
200000112,203000157,2024-04-29 09:43:36 UTC,,,,,,,,,,
200000112,203000157,2024-04-29 09:44:37 UTC,,,,,,,,,,
200000112,203000157,2024-04-29 09:45:36 UTC,,,,,,,,,,
200000112,203000157,2024-04-29 09:46:37 UTC,,,,,,,,,,
200000112,203000157,2024-04-29 09:47:36 UTC,,,,,,,,,,
200000112,203000157,2024-04-29 09:48:37 UTC,,,,,,,,,,
200000112,203000157,2024-04-29 09:49:37 UTC,,,,,,,,,,
200000112,203000157,2024-04-29 09:50:39 UTC,,,,,,,,,,
200000112,203000157,2024-04-29 09:51:36 UTC,,,,,,,,,,
200000112,203000157,2024-04-29 09:52:36 UTC,,,,,,,,,,
200000112,203000157,2024-04-29 09:53:37 UTC,,,,,,,,,,
200000112,203000157,2024-04-29 09:54:36 UTC,,,,,,,,,,
200000112,203000157,2024-04-29 09:55:37 UTC,,,,,,,,,,
200000112,203000157,2024-04-29 09:56:37 UTC,,,,,,,,,,
200000112,203000157,2024-05-01 07:00:40 UTC,,,,,,,,,,
200000112,203000157,2024-05-01 07:07:36 UTC,,,,,,,,,,
200000112,203000157,2024-05-01 07:08:36 UTC,,,,,,,,,,
200000112,203000157,2024-05-01 07:09:37 UTC,,,,,,,,,,
200000112,203000157,2024-05-01 07:10:39 UTC,,,,,,,,,,
200000112,203000157,2024-05-01 07:12:37 UTC,,,,,,,,,,
200000112,203000157,2024-05-01 07:12:41 UTC,,,,,,,,,,
200000112,203000157,2024-05-01 07:13:36 UTC,,,,,,,,,,
200000112,203000157,2024-05-01 07:14:37 UTC,,,,,,,,,,
200000112,203000157,2024-05-01 07:15:36 UTC,,,,,,,,,,
200000112,203000157,2024-05-01 07:22:37 UTC,,,,,,,,,,
200000112,203000157,2024-05-01 07:23:36 UTC,,,,,,,,,,
200000112,203000157,2024-05-01 07:25:37 UTC,,,,,,,,,,
200000112,203000157,2024-05-01 07:25:40 UTC,,,,,,,,,,
200000112,203000157,2024-05-01 07:26:37 UTC,,,,,,,,,,
200000112,203000157,2024-05-01 07:27:37 UTC,,,,,,,,,,
200000112,203000157,2024-05-01 07:28:37 UTC,,,,,,,,,,
200000112,203000157,2024-05-01 07:29:37 UTC,,,,,,,,,,
200000112,203000157,2024-05-01 07:37:37 UTC,,,,,,,,,,
200000112,203000157,2024-05-01 07:38:36 UTC,,,,,,,,,,
200000112,203000157,2024-05-01 07:39:37 UTC,,,,,,,,,,
200000112,203000157,2024-05-01 07:40:38 UTC,,,,,,,,,,
200000112,203000157,2024-05-01 07:41:36 UTC,,,,,,,,,,
200000112,203000157,2024-05-01 07:42:36 UTC,,,,,,,,,,
200000112,203000157,2024-05-01 07:43:37 UTC,,,,,,,,,,
200000112,203000157,2024-05-01 07:44:37 UTC,,,,,,,,,,
200000112,203000157,2024-05-01 07:50:39 UTC,,,,,,,,,,
200000112,203000157,2024-05-01 07:51:38 UTC,,,,,,,,,,
200000112,203000157,2024-05-01 07:52:37 UTC,,,,,,,,,,
200000112,203000157,2024-05-01 07:53:37 UTC,,,,,,,,,,
200000112,203000157,2024-05-01 07:54:37 UTC,,,,,,,,,,
200000112,203000157,2024-05-01 07:55:36 UTC,,,,,,,,,,
200000112,203000157,2024-05-01 07:56:37 UTC,,,,,,,,,,
200000112,203000157,2024-05-01 07:57:37 UTC,,,,,,,,,,
200000112,203000157,2024-05-01 07:58:37 UTC,,,,,,,,,,
200000112,203000157,2024-05-01 07:59:36 UTC,,,,,,,,,,
200000112,203000157,2024-04-30 09:07:36 UTC,,,,,,,,,,
200000112,203000157,2024-04-30 09:08:36 UTC,,,,,,,,,,
200000112,203000157,2024-04-30 09:09:37 UTC,,,,,,,,,,
200000112,203000157,2024-04-30 09:10:39 UTC,,,,,,,,,,
200000112,203000157,2024-04-30 09:11:37 UTC,,,,,,,,,,
200000112,203000157,2024-04-30 09:12:37 UTC,,,,,,,,,,
200000112,203000157,2024-04-30 09:13:37 UTC,,,,,,,,,,
200000112,203000157,2024-04-30 09:14:37 UTC,,,,,,,,,,
200000112,203000157,2024-04-30 09:15:36 UTC,,,,,,,,,,
200000112,203000157,2024-04-30 09:16:38 UTC,,,,,,,,,,
200000112,203000157,2024-04-30 09:17:36 UTC,,,,,,,,,,
200000112,203000157,2024-04-30 09:25:36 UTC,,,,,,,,,,
200000112,203000157,2024-04-30 09:26:40 UTC,,,,,,,,,,
200000112,203000157,2024-04-30 09:27:37 UTC,,,,,,,,,,
200000112,203000157,2024-04-30 09:29:37 UTC,,,,,,,,,,
200000112,203000157,2024-04-30 09:30:38 UTC,,,,,,,,,,
200000112,203000157,2024-04-30 09:31:36 UTC,,,,,,,,,,
200000112,203000157,2024-04-30 09:32:37 UTC,,,,,,,,,,
200000112,203000157,2024-04-30 09:33:37 UTC,,,,,,,,,,
200000112,203000157,2024-04-30 09:34:37 UTC,,,,,,,,,,
200000112,203000157,2024-04-30 09:35:37 UTC,,,,,,,,,,
200000112,203000157,2024-04-30 09:36:36 UTC,,,,,,,,,,
200000112,203000157,2024-04-30 09:37:37 UTC,,,,,,,,,,
200000112,203000157,2024-04-30 09:38:36 UTC,,,,,,,,,,
200000112,203000157,2024-04-30 09:39:37 UTC,,,,,,,,,,
200000112,203000157,2024-04-30 09:46:36 UTC,,,,,,,,,,
200000112,203000157,2024-04-30 09:47:37 UTC,,,,,,,,,,
200000112,203000157,2024-04-30 09:48:37 UTC,,,,,,,,,,
200000112,203000157,2024-04-30 09:49:37 UTC,,,,,,,,,,
200000112,203000157,2024-04-30 09:50:41 UTC,,,,,,,,,,
200000112,203000157,2024-04-30 09:51:37 UTC,,,,,,,,,,
200000112,203000157,2024-04-30 09:52:37 UTC,,,,,,,,,,
200000112,203000157,2024-04-30 09:53:37 UTC,,,,,,,,,,
200000112,203000157,2024-04-30 09:54:37 UTC,,,,,,,,,,
200000112,203000157,2024-04-30 09:55:37 UTC,,,,,,,,,,
200000112,203000157,2024-04-30 09:56:36 UTC,,,,,,,,,,
200000112,203000157,2024-04-30 09:57:37 UTC,,,,,,,,,,
200000112,203000157,2024-04-30 09:58:36 UTC,,,,,,,,,,
200000112,203000157,2024-04-30 09:59:37 UTC,,,,,,,,,,
200000112,203000157,2024-04-30 07:00:39 UTC,,,,,,,,,,
200000112,203000157,2024-04-30 07:11:37 UTC,,,,,,,,,,
200000112,203000157,2024-04-30 07:13:37 UTC,,,,,,,,,,
200000112,203000157,2024-04-30 07:14:37 UTC,,,,,,,,,,
200000112,203000157,2024-04-30 07:24:36 UTC,,,,,,,,,,
200000112,203000157,2024-04-30 07:25:36 UTC,,,,,,,,,,
200000112,203000157,2024-04-30 07:26:44 UTC,,,,,,,,,,
200000112,203000157,2024-04-30 07:27:37 UTC,,,,,,,,,,
200000112,203000157,2024-04-30 07:28:37 UTC,,,,,,,,,,
200000112,203000157,2024-04-30 07:29:37 UTC,,,,,,,,,,
200000112,203000157,2024-04-30 07:37:37 UTC,,,,,,,,,,
200000112,203000157,2024-04-30 07:38:37 UTC,,,,,,,,,,
200000112,203000157,2024-04-30 07:39:36 UTC,,,,,,,,,,
200000112,203000157,2024-04-30 07:40:46 UTC,,,,,,,,,,
200000112,203000157,2024-04-30 07:41:37 UTC,,,,,,,,,,
200000112,203000157,2024-04-30 07:42:37 UTC,,,,,,,,,,
200000112,203000157,2024-04-30 07:43:36 UTC,,,,,,,,,,
200000112,203000157,2024-04-30 07:44:37 UTC,,,,,,,,,,
200000112,203000157,2024-04-30 07:52:37 UTC,,,,,,,,,,
200000112,203000157,2024-04-30 07:53:37 UTC,,,,,,,,,,
200000112,203000157,2024-04-30 07:54:37 UTC,,,,,,,,,,
200000112,203000157,2024-04-30 07:55:36 UTC,,,,,,,,,,
200000112,203000157,2024-04-30 07:56:37 UTC,,,,,,,,,,
200000112,203000157,2024-04-30 07:57:37 UTC,,,,,,,,,,
200000112,203000157,2024-04-30 07:58:36 UTC,,,,,,,,,,
200000112,203000157,2024-04-30 08:05:37 UTC,,,,,,,,,,
200000112,203000157,2024-04-30 08:06:37 UTC,,,,,,,,,,
200000112,203000157,2024-04-30 08:07:38 UTC,,,,,,,,,,
200000112,203000157,2024-04-30 08:08:36 UTC,,,,,,,,,,
200000112,203000157,2024-04-30 08:09:37 UTC,,,,,,,,,,
200000112,203000157,2024-04-30 08:10:38 UTC,,,,,,,,,,
200000112,203000157,2024-04-30 08:11:37 UTC,,,,,,,,,,
200000112,203000157,2024-04-30 08:12:36 UTC,,,,,,,,,,
200000112,203000157,2024-04-30 08:13:37 UTC,,,,,,,,,,
200000112,203000157,2024-04-30 08:14:36 UTC,,,,,,,,,,
200000112,203000157,2024-04-30 08:23:36 UTC,,,,,,,,,,
200000112,203000157,2024-04-30 08:24:37 UTC,,,,,,,,,,
200000112,203000157,2024-04-30 08:25:36 UTC,,,,,,,,,,
200000112,203000157,2024-04-30 08:27:36 UTC,,,,,,,,,,
200000112,203000157,2024-04-30 08:28:37 UTC,,,,,,,,,,
200000112,203000157,2024-04-30 08:29:36 UTC,,,,,,,,,,
200000112,203000157,2024-04-30 08:41:36 UTC,,,,,,,,,,
200000112,203000157,2024-04-30 08:42:37 UTC,,,,,,,,,,
200000112,203000157,2024-04-30 08:43:36 UTC,,,,,,,,,,
200000112,203000157,2024-04-30 08:44:36 UTC,,,,,,,,,,
200000112,203000157,2024-04-30 08:45:37 UTC,,,,,,,,,,
200000112,203000157,2024-04-30 08:46:37 UTC,,,,,,,,,,
200000112,203000157,2024-04-30 08:52:36 UTC,,,,,,,,,,
200000112,203000157,2024-04-30 08:53:36 UTC,,,,,,,,,,
200000112,203000157,2024-04-30 08:54:37 UTC,,,,,,,,,,
200000112,203000157,2024-04-30 08:55:36 UTC,,,,,,,,,,
200000112,203000157,2024-04-30 08:56:37 UTC,,,,,,,,,,
200000112,203000157,2024-04-30 08:57:37 UTC,,,,,,,,,,
200000112,203000157,2024-04-30 08:58:36 UTC,,,,,,,,,,
200000112,203000157,2024-04-30 08:59:37 UTC,,,,,,,,,,
200000112,203000157,2024-05-02 08:00:40 UTC,,,,,,,,,,
200000112,203000157,2024-05-02 08:08:36 UTC,,,,,,,,,,
200000112,203000157,2024-05-02 08:09:38 UTC,,,,,,,,,,
200000112,203000157,2024-05-02 08:10:39 UTC,,,,,,,,,,
200000112,203000157,2024-05-02 08:11:38 UTC,,,,,,,,,,
200000112,203000157,2024-05-02 08:12:37 UTC,,,,,,,,,,
200000112,203000157,2024-05-02 08:13:37 UTC,,,,,,,,,,
200000112,203000157,2024-05-02 08:14:37 UTC,,,,,,,,,,
200000112,203000157,2024-05-02 08:22:37 UTC,,,,,,,,,,
200000112,203000157,2024-05-02 08:23:38 UTC,,,,,,,,,,
200000112,203000157,2024-05-02 08:25:37 UTC,,,,,,,,,,
200000112,203000157,2024-05-02 08:25:41 UTC,,,,,,,,,,
200000112,203000157,2024-05-02 08:26:37 UTC,,,,,,,,,,
200000112,203000157,2024-05-02 08:27:36 UTC,,,,,,,,,,
200000112,203000157,2024-05-02 08:28:37 UTC,,,,,,,,,,
200000112,203000157,2024-05-02 08:35:38 UTC,,,,,,,,,,
200000112,203000157,2024-05-02 08:36:37 UTC,,,,,,,,,,
200000112,203000157,2024-05-02 08:37:37 UTC,,,,,,,,,,
200000112,203000157,2024-05-02 08:38:37 UTC,,,,,,,,,,
200000112,203000157,2024-05-02 08:39:37 UTC,,,,,,,,,,
200000112,203000157,2024-05-02 08:40:39 UTC,,,,,,,,,,
200000112,203000157,2024-05-02 08:41:37 UTC,,,,,,,,,,
200000112,203000157,2024-05-02 08:42:37 UTC,,,,,,,,,,
200000112,203000157,2024-05-02 08:43:37 UTC,,,,,,,,,,
200000112,203000157,2024-05-02 08:44:37 UTC,,,,,,,,,,
200000112,203000157,2024-05-02 08:45:38 UTC,,,,,,,,,,
200000112,203000157,2024-05-02 08:52:37 UTC,,,,,,,,,,
200000112,203000157,2024-05-02 08:53:37 UTC,,,,,,,,,,
200000112,203000157,2024-05-02 08:54:37 UTC,,,,,,,,,,
200000112,203000157,2024-05-02 08:55:37 UTC,,,,,,,,,,
200000112,203000157,2024-05-02 08:57:37 UTC,,,,,,,,,,
200000112,203000157,2024-05-02 08:57:42 UTC,,,,,,,,,,
200000112,203000157,2024-05-02 08:58:37 UTC,,,,,,,,,,
200000112,203000157,2024-05-02 08:59:38 UTC,,,,,,,,,,
200000112,203000157,2024-05-02 09:00:39 UTC,,,,,,,,,,
200000112,203000157,2024-05-01 08:10:39 UTC,,,,,,,,,,
200000112,203000157,2024-05-01 08:11:37 UTC,,,,,,,,,,
200000112,203000157,2024-05-01 08:12:37 UTC,,,,,,,,,,
200000112,203000157,2024-05-01 08:13:37 UTC,,,,,,,,,,
200000112,203000157,2024-05-01 08:20:39 UTC,,,,,,,,,,
200000112,203000157,2024-05-01 08:21:37 UTC,,,,,,,,,,
200000112,203000157,2024-05-01 08:22:37 UTC,,,,,,,,,,
200000112,203000157,2024-05-01 08:23:36 UTC,,,,,,,,,,
200000112,203000157,2024-05-01 08:24:37 UTC,,,,,,,,,,
200000112,203000157,2024-05-01 08:25:36 UTC,,,,,,,,,,
200000112,203000157,2024-05-01 08:26:37 UTC,,,,,,,,,,
200000112,203000157,2024-05-01 08:27:37 UTC,,,,,,,,,,
200000112,203000157,2024-05-01 08:28:36 UTC,,,,,,,,,,
200000112,203000157,2024-05-01 08:29:36 UTC,,,,,,,,,,
200000112,203000157,2024-05-01 08:30:39 UTC,,,,,,,,,,
200000112,203000157,2024-05-01 08:37:32 UTC,,,,,,,,,,
200000112,203000157,2024-05-01 08:37:37 UTC,,,,,,,,,,
200000112,203000157,2024-05-01 08:38:37 UTC,,,,,,,,,,
200000112,203000157,2024-05-01 08:39:37 UTC,,,,,,,,,,
200000112,203000157,2024-05-01 08:40:39 UTC,,,,,,,,,,
200000112,203000157,2024-05-01 08:41:37 UTC,,,,,,,,,,
200000112,203000157,2024-05-01 08:43:37 UTC,,,,,,,,,,
200000112,203000157,2024-05-01 08:43:41 UTC,,,,,,,,,,
200000112,203000157,2024-05-01 08:44:37 UTC,,,,,,,,,,
200000112,203000157,2024-05-01 08:45:37 UTC,,,,,,,,,,
200000112,203000157,2024-05-01 08:53:39 UTC,,,,,,,,,,
200000112,203000157,2024-05-01 08:54:37 UTC,,,,,,,,,,
200000112,203000157,2024-05-01 08:54:41 UTC,,,,,,,,,,
200000112,203000157,2024-05-01 08:55:36 UTC,,,,,,,,,,
200000112,203000157,2024-05-01 08:56:36 UTC,,,,,,,,,,
200000112,203000157,2024-05-01 08:57:39 UTC,,,,,,,,,,
200000112,203000157,2024-05-01 08:58:37 UTC,,,,,,,,,,
200000112,203000157,2024-05-01 08:59:37 UTC,,,,,,,,,,
200000112,203000157,2024-05-01 09:00:39 UTC,,,,,,,,,,
200000112,203000157,2024-05-01 09:08:38 UTC,,,,,,,,,,
200000112,203000157,2024-05-01 09:09:37 UTC,,,,,,,,,,
200000112,203000157,2024-05-01 09:10:39 UTC,,,,,,,,,,
200000112,203000157,2024-05-01 09:11:37 UTC,,,,,,,,,,
200000112,203000157,2024-05-01 09:12:36 UTC,,,,,,,,,,
200000112,203000157,2024-05-01 09:13:37 UTC,,,,,,,,,,
200000112,203000157,2024-05-01 09:14:37 UTC,,,,,,,,,,
200000112,203000157,2024-05-01 09:15:40 UTC,,,,,,,,,,
200000112,203000157,2024-05-01 09:16:37 UTC,,,,,,,,,,
200000112,203000157,2024-05-01 09:18:37 UTC,,,,,,,,,,
200000112,203000157,2024-05-01 09:18:41 UTC,,,,,,,,,,
200000112,203000157,2024-05-01 09:19:36 UTC,,,,,,,,,,
200000112,203000157,2024-05-01 09:20:38 UTC,,,,,,,,,,
200000112,203000157,2024-05-01 09:26:36 UTC,,,,,,,,,,
200000112,203000157,2024-05-01 09:27:36 UTC,,,,,,,,,,
200000112,203000157,2024-05-01 09:28:36 UTC,,,,,,,,,,
200000112,203000157,2024-05-01 09:30:39 UTC,,,,,,,,,,
200000112,203000157,2024-05-01 09:30:42 UTC,,,,,,,,,,
200000112,203000157,2024-05-01 09:31:37 UTC,,,,,,,,,,
200000112,203000157,2024-05-01 09:32:41 UTC,,,,,,,,,,
200000112,203000157,2024-05-01 09:33:37 UTC,,,,,,,,,,
200000112,203000157,2024-05-01 09:34:37 UTC,,,,,,,,,,
200000112,203000157,2024-05-01 09:35:37 UTC,,,,,,,,,,
200000112,203000157,2024-05-01 09:36:36 UTC,,,,,,,,,,
200000112,203000157,2024-05-01 09:37:37 UTC,,,,,,,,,,
200000112,203000157,2024-05-01 09:38:36 UTC,,,,,,,,,,
200000112,203000157,2024-05-01 09:39:37 UTC,,,,,,,,,,
200000112,203000157,2024-05-01 09:40:38 UTC,,,,,,,,,,
200000112,203000157,2024-05-01 09:47:40 UTC,,,,,,,,,,
200000112,203000157,2024-05-01 09:48:36 UTC,,,,,,,,,,
200000112,203000157,2024-05-01 09:49:38 UTC,,,,,,,,,,
200000112,203000157,2024-05-01 09:50:39 UTC,,,,,,,,,,
200000112,203000157,2024-05-01 09:51:37 UTC,,,,,,,,,,
200000112,203000157,2024-05-01 09:52:36 UTC,,,,,,,,,,
200000112,203000157,2024-05-01 09:53:36 UTC,,,,,,,,,,
200000112,203000157,2024-05-01 09:54:37 UTC,,,,,,,,,,
200000112,203000157,2024-05-01 09:55:37 UTC,,,,,,,,,,
200000112,203000157,2024-05-01 09:56:37 UTC,,,,,,,,,,
200000112,203000157,2024-05-01 09:57:36 UTC,,,,,,,,,,
200000112,203000157,2024-05-01 09:58:37 UTC,,,,,,,,,,
200000112,203000157,2024-05-02 09:09:38 UTC,,,,,,,,,,
200000112,203000157,2024-05-02 09:11:37 UTC,,,,,,,,,,
200000112,203000157,2024-05-02 09:11:42 UTC,,,,,,,,,,
200000112,203000157,2024-05-02 09:12:37 UTC,,,,,,,,,,
200000112,203000157,2024-05-02 09:13:37 UTC,,,,,,,,,,
200000112,203000157,2024-05-02 09:14:37 UTC,,,,,,,,,,
200000112,203000157,2024-05-02 09:15:38 UTC,,,,,,,,,,
200000112,203000157,2024-05-02 09:16:38 UTC,,,,,,,,,,
200000112,203000157,2024-05-02 09:17:38 UTC,,,,,,,,,,
200000112,203000157,2024-05-02 09:19:38 UTC,,,,,,,,,,
200000112,203000157,2024-05-02 09:19:43 UTC,,,,,,,,,,
200000112,203000157,2024-05-02 09:20:44 UTC,,,,,,,,,,
200000112,203000157,2024-05-02 09:21:38 UTC,,,,,,,,,,
200000112,203000157,2024-05-02 09:28:37 UTC,,,,,,,,,,
200000112,203000157,2024-05-02 09:29:37 UTC,,,,,,,,,,
200000112,203000157,2024-05-02 09:30:39 UTC,,,,,,,,,,
200000112,203000157,2024-05-02 09:31:37 UTC,,,,,,,,,,
200000112,203000157,2024-05-02 09:32:38 UTC,,,,,,,,,,
200000112,203000157,2024-05-02 09:33:37 UTC,,,,,,,,,,
200000112,203000157,2024-05-02 09:34:37 UTC,,,,,,,,,,
200000112,203000157,2024-05-02 09:35:37 UTC,,,,,,,,,,
200000112,203000157,2024-05-02 09:37:37 UTC,,,,,,,,,,
200000112,203000157,2024-05-02 09:37:41 UTC,,,,,,,,,,
200000112,203000157,2024-05-02 09:38:37 UTC,,,,,,,,,,
200000112,203000157,2024-05-02 09:39:37 UTC,,,,,,,,,,
200000112,203000157,2024-05-02 09:46:37 UTC,,,,,,,,,,
200000112,203000157,2024-05-02 09:47:38 UTC,,,,,,,,,,
200000112,203000157,2024-05-02 09:48:37 UTC,,,,,,,,,,
200000112,203000157,2024-05-02 09:49:38 UTC,,,,,,,,,,
200000112,203000157,2024-05-02 09:50:39 UTC,,,,,,,,,,
200000112,203000157,2024-05-02 09:51:37 UTC,,,,,,,,,,
200000112,203000157,2024-05-02 09:52:37 UTC,,,,,,,,,,
200000112,203000157,2024-05-02 09:53:37 UTC,,,,,,,,,,
200000112,203000157,2024-05-02 09:54:38 UTC,,,,,,,,,,
200000112,203000157,2024-05-02 09:56:38 UTC,,,,,,,,,,
200000112,203000157,2024-05-02 09:56:40 UTC,,,,,,,,,,
200000112,203000157,2024-05-02 09:57:37 UTC,,,,,,,,,,
200000112,203000157,2024-05-02 09:58:38 UTC,,,,,,,,,,
200000112,203000157,2024-05-02 09:59:38 UTC,,,,,,,,,,
200000112,203000157,2024-05-02 07:00:39 UTC,,,,,,,,,,
200000112,203000157,2024-05-02 07:10:40 UTC,,,,,,,,,,
200000112,203000157,2024-05-02 07:11:37 UTC,,,,,,,,,,
200000112,203000157,2024-05-02 07:12:37 UTC,,,,,,,,,,
200000112,203000157,2024-05-02 07:13:37 UTC,,,,,,,,,,
200000112,203000157,2024-05-02 07:14:37 UTC,,,,,,,,,,
200000112,203000157,2024-05-02 07:15:37 UTC,,,,,,,,,,
200000112,203000157,2024-05-02 07:25:38 UTC,,,,,,,,,,
200000112,203000157,2024-05-02 07:26:37 UTC,,,,,,,,,,
200000112,203000157,2024-05-02 07:27:38 UTC,,,,,,,,,,
200000112,203000157,2024-05-02 07:28:37 UTC,,,,,,,,,,
200000112,203000157,2024-05-02 07:36:37 UTC,,,,,,,,,,
200000112,203000157,2024-05-02 07:37:36 UTC,,,,,,,,,,
200000112,203000157,2024-05-02 07:38:38 UTC,,,,,,,,,,
200000112,203000157,2024-05-02 07:39:37 UTC,,,,,,,,,,
200000112,203000157,2024-05-02 07:40:38 UTC,,,,,,,,,,
200000112,203000157,2024-05-02 07:41:37 UTC,,,,,,,,,,
200000112,203000157,2024-05-02 07:42:37 UTC,,,,,,,,,,
200000112,203000157,2024-05-02 07:43:37 UTC,,,,,,,,,,
200000112,203000157,2024-05-02 07:44:37 UTC,,,,,,,,,,
200000112,203000157,2024-05-02 07:51:37 UTC,,,,,,,,,,
200000112,203000157,2024-05-02 07:52:38 UTC,,,,,,,,,,
200000112,203000157,2024-05-02 07:54:37 UTC,,,,,,,,,,
200000112,203000157,2024-05-02 07:54:42 UTC,,,,,,,,,,
200000112,203000157,2024-05-02 07:55:37 UTC,,,,,,,,,,
200000112,203000157,2024-05-02 07:56:37 UTC,,,,,,,,,,
200000112,203000157,2024-05-02 07:57:37 UTC,,,,,,,,,,
200000112,203000157,2024-05-02 07:58:37 UTC,,,,,,,,,,
200000112,203000157,2024-05-02 07:59:37 UTC,,,,,,,,,,
200000112,203000157,2024-05-03 07:08:37 UTC,,,,,,,,,,
200000112,203000157,2024-05-03 07:09:37 UTC,,,,,,,,,,
200000112,203000157,2024-05-03 07:11:37 UTC,,,,,,,,,,
200000112,203000157,2024-05-03 07:11:41 UTC,,,,,,,,,,
200000112,203000157,2024-05-03 07:12:36 UTC,,,,,,,,,,
200000112,203000157,2024-05-03 07:13:38 UTC,,,,,,,,,,
200000112,203000157,2024-05-03 07:14:37 UTC,,,,,,,,,,
200000112,203000157,2024-05-03 07:22:37 UTC,,,,,,,,,,
200000112,203000157,2024-05-03 07:23:38 UTC,,,,,,,,,,
200000112,203000157,2024-05-03 07:24:36 UTC,,,,,,,,,,
200000112,203000157,2024-05-03 07:25:37 UTC,,,,,,,,,,
200000112,203000157,2024-05-03 07:26:38 UTC,,,,,,,,,,
200000112,203000157,2024-05-03 07:27:37 UTC,,,,,,,,,,
200000112,203000157,2024-05-03 07:28:38 UTC,,,,,,,,,,
200000112,203000157,2024-05-03 07:29:37 UTC,,,,,,,,,,
200000112,203000157,2024-05-03 07:30:38 UTC,,,,,,,,,,
200000112,203000157,2024-05-03 07:38:37 UTC,,,,,,,,,,
200000112,203000157,2024-05-03 07:39:38 UTC,,,,,,,,,,
200000112,203000157,2024-05-03 07:40:39 UTC,,,,,,,,,,
200000112,203000157,2024-05-03 07:41:37 UTC,,,,,,,,,,
200000112,203000157,2024-05-03 07:42:37 UTC,,,,,,,,,,
200000112,203000157,2024-05-03 07:43:37 UTC,,,,,,,,,,
200000112,203000157,2024-05-03 07:44:37 UTC,,,,,,,,,,
200000112,203000157,2024-05-03 07:51:37 UTC,,,,,,,,,,
200000112,203000157,2024-05-03 07:51:42 UTC,,,,,,,,,,
200000112,203000157,2024-05-03 07:52:37 UTC,,,,,,,,,,
200000112,203000157,2024-05-03 07:53:38 UTC,,,,,,,,,,
200000112,203000157,2024-05-03 07:54:37 UTC,,,,,,,,,,
200000112,203000157,2024-05-03 07:56:37 UTC,,,,,,,,,,
200000112,203000157,2024-05-03 07:56:40 UTC,,,,,,,,,,
200000112,203000157,2024-05-03 07:57:37 UTC,,,,,,,,,,
200000112,203000157,2024-05-03 07:58:37 UTC,,,,,,,,,,
200000112,203000157,2024-05-03 07:59:37 UTC,,,,,,,,,,
200000112,203000157,2024-05-03 08:09:37 UTC,,,,,,,,,,
200000112,203000157,2024-05-03 08:10:39 UTC,,,,,,,,,,
200000112,203000157,2024-05-03 08:11:37 UTC,,,,,,,,,,
200000112,203000157,2024-05-03 08:12:37 UTC,,,,,,,,,,
200000112,203000157,2024-05-03 08:13:38 UTC,,,,,,,,,,
200000112,203000157,2024-05-03 08:25:37 UTC,,,,,,,,,,
200000112,203000157,2024-05-03 08:26:37 UTC,,,,,,,,,,
200000112,203000157,2024-05-03 08:27:38 UTC,,,,,,,,,,
200000112,203000157,2024-05-03 08:28:37 UTC,,,,,,,,,,
200000112,203000157,2024-05-03 08:29:37 UTC,,,,,,,,,,
200000112,203000157,2024-05-03 08:30:39 UTC,,,,,,,,,,
200000112,203000157,2024-05-03 08:42:36 UTC,,,,,,,,,,
200000112,203000157,2024-05-03 08:43:37 UTC,,,,,,,,,,
200000112,203000157,2024-05-03 08:49:37 UTC,,,,,,,,,,
200000112,203000157,2024-05-03 08:51:37 UTC,,,,,,,,,,
200000112,203000157,2024-05-03 08:51:44 UTC,,,,,,,,,,
200000112,203000157,2024-05-03 08:52:40 UTC,,,,,,,,,,
200000112,203000157,2024-05-03 08:53:37 UTC,,,,,,,,,,
200000112,203000157,2024-05-03 08:54:40 UTC,,,,,,,,,,
200000112,203000157,2024-05-03 08:55:37 UTC,,,,,,,,,,
200000112,203000157,2024-05-03 08:56:36 UTC,,,,,,,,,,
200000112,203000157,2024-05-03 08:57:37 UTC,,,,,,,,,,
200000112,203000157,2024-05-03 08:58:38 UTC,,,,,,,,,,
200000112,203000157,2024-05-03 08:59:37 UTC,,,,,,,,,,
200000112,203000157,2024-05-03 09:00:40 UTC,,,,,,,,,,
200000112,203000157,2024-05-03 09:07:37 UTC,,,,,,,,,,
200000112,203000157,2024-05-03 09:08:37 UTC,,,,,,,,,,
200000112,203000157,2024-05-03 09:09:37 UTC,,,,,,,,,,
200000112,203000157,2024-05-03 09:10:38 UTC,,,,,,,,,,
200000112,203000157,2024-05-03 09:11:37 UTC,,,,,,,,,,
200000112,203000157,2024-05-03 09:12:37 UTC,,,,,,,,,,
200000112,203000157,2024-05-03 09:13:37 UTC,,,,,,,,,,
200000112,203000157,2024-05-03 09:14:37 UTC,,,,,,,,,,
200000112,203000157,2024-05-03 09:15:37 UTC,,,,,,,,,,
200000112,203000157,2024-05-03 09:16:37 UTC,,,,,,,,,,
200000112,203000157,2024-05-03 09:17:37 UTC,,,,,,,,,,
200000112,203000157,2024-05-03 09:18:36 UTC,,,,,,,,,,
200000112,203000157,2024-05-03 09:19:37 UTC,,,,,,,,,,
200000112,203000157,2024-05-03 09:20:39 UTC,,,,,,,,,,
200000112,203000157,2024-05-03 09:27:37 UTC,,,,,,,,,,
200000112,203000157,2024-05-03 09:27:41 UTC,,,,,,,,,,
200000112,203000157,2024-05-03 09:28:37 UTC,,,,,,,,,,
200000112,203000157,2024-05-03 09:29:37 UTC,,,,,,,,,,
200000112,203000157,2024-05-03 09:30:38 UTC,,,,,,,,,,
200000112,203000157,2024-05-03 09:31:37 UTC,,,,,,,,,,
200000112,203000157,2024-05-03 09:32:37 UTC,,,,,,,,,,
200000112,203000157,2024-05-03 09:33:37 UTC,,,,,,,,,,
200000112,203000157,2024-05-03 09:34:37 UTC,,,,,,,,,,
200000112,203000157,2024-05-03 09:35:37 UTC,,,,,,,,,,
200000112,203000157,2024-05-03 09:36:37 UTC,,,,,,,,,,
200000112,203000157,2024-05-03 09:38:37 UTC,,,,,,,,,,
200000112,203000157,2024-05-03 09:38:41 UTC,,,,,,,,,,
200000112,203000157,2024-05-03 09:39:36 UTC,,,,,,,,,,
200000112,203000157,2024-05-03 09:40:38 UTC,,,,,,,,,,
200000112,203000157,2024-05-03 09:46:37 UTC,,,,,,,,,,
200000112,203000157,2024-05-03 09:47:37 UTC,,,,,,,,,,
200000112,203000157,2024-05-03 09:48:37 UTC,,,,,,,,,,
200000112,203000157,2024-05-03 09:49:36 UTC,,,,,,,,,,
200000112,203000157,2024-05-03 09:50:41 UTC,,,,,,,,,,
200000112,203000157,2024-05-03 09:51:37 UTC,,,,,,,,,,
200000112,203000157,2024-05-03 09:52:37 UTC,,,,,,,,,,
200000112,203000157,2024-05-03 09:53:37 UTC,,,,,,,,,,
200000112,203000157,2024-05-03 09:54:36 UTC,,,,,,,,,,
200000112,203000157,2024-05-03 09:56:41 UTC,,,,,,,,,,
200000112,203000157,2024-05-03 09:56:55 UTC,,,,,,,,,,
200000112,203000157,2024-05-03 09:57:37 UTC,,,,,,,,,,
200000112,203000157,2024-05-03 09:58:37 UTC,,,,,,,,,,
200000112,203000157,2024-05-03 09:59:37 UTC,,,,,,,,,,
200000112,203000157,2024-05-06 09:05:38 UTC,,,,,,,,,,
200000112,203000157,2024-05-06 09:06:38 UTC,,,,,,,,,,
200000112,203000157,2024-05-06 09:07:37 UTC,,,,,,,,,,
200000112,203000157,2024-05-06 09:08:38 UTC,,,,,,,,,,
200000112,203000157,2024-05-06 09:09:37 UTC,,,,,,,,,,
200000112,203000157,2024-05-06 09:10:40 UTC,,,,,,,,,,
200000112,203000157,2024-05-06 09:11:40 UTC,,,,,,,,,,
200000112,203000157,2024-05-06 09:12:38 UTC,,,,,,,,,,
200000112,203000157,2024-05-06 09:13:40 UTC,,,,,,,,,,
200000112,203000157,2024-05-06 09:14:37 UTC,,,,,,,,,,
200000112,203000157,2024-05-06 09:15:38 UTC,,,,,,,,,,
200000112,203000157,2024-05-06 09:22:39 UTC,,,,,,,,,,
200000112,203000157,2024-05-06 09:23:37 UTC,,,,,,,,,,
200000112,203000157,2024-05-06 09:24:38 UTC,,,,,,,,,,
200000112,203000157,2024-05-06 09:25:37 UTC,,,,,,,,,,
200000112,203000157,2024-05-06 09:26:39 UTC,,,,,,,,,,
200000112,203000157,2024-05-06 09:27:38 UTC,,,,,,,,,,
200000112,203000157,2024-05-06 09:28:39 UTC,,,,,,,,,,
200000112,203000157,2024-05-06 09:29:38 UTC,,,,,,,,,,
200000112,203000157,2024-05-06 09:35:39 UTC,,,,,,,,,,
200000112,203000157,2024-05-06 09:36:38 UTC,,,,,,,,,,
200000112,203000157,2024-05-06 09:37:38 UTC,,,,,,,,,,
200000112,203000157,2024-05-06 09:38:38 UTC,,,,,,,,,,
200000112,203000157,2024-05-06 09:39:37 UTC,,,,,,,,,,
200000112,203000157,2024-05-06 09:40:40 UTC,,,,,,,,,,
200000112,203000157,2024-05-06 09:41:40 UTC,,,,,,,,,,
200000112,203000157,2024-05-06 09:42:38 UTC,,,,,,,,,,
200000112,203000157,2024-05-06 09:43:38 UTC,,,,,,,,,,
200000112,203000157,2024-05-06 09:45:37 UTC,,,,,,,,,,
200000112,203000157,2024-05-06 09:45:42 UTC,,,,,,,,,,
200000112,203000157,2024-05-06 09:52:38 UTC,,,,,,,,,,
200000112,203000157,2024-05-06 09:53:39 UTC,,,,,,,,,,
200000112,203000157,2024-05-06 09:54:37 UTC,,,,,,,,,,
200000112,203000157,2024-05-06 09:55:38 UTC,,,,,,,,,,
200000112,203000157,2024-05-06 09:56:38 UTC,,,,,,,,,,
200000112,203000157,2024-05-06 09:57:38 UTC,,,,,,,,,,
200000112,203000157,2024-05-06 09:58:38 UTC,,,,,,,,,,
200000112,203000157,2024-05-06 09:59:37 UTC,,,,,,,,,,
200000112,203000157,2024-05-07 08:09:39 UTC,,,,,,,,,,
200000112,203000157,2024-05-07 08:10:40 UTC,,,,,,,,,,
200000112,203000157,2024-05-07 08:11:39 UTC,,,,,,,,,,
200000112,203000157,2024-05-07 08:12:38 UTC,,,,,,,,,,
200000112,203000157,2024-05-07 08:13:38 UTC,,,,,,,,,,
200000112,203000157,2024-05-07 08:14:39 UTC,,,,,,,,,,
200000112,203000157,2024-05-07 08:15:39 UTC,,,,,,,,,,
200000112,203000157,2024-05-07 08:24:38 UTC,,,,,,,,,,
200000112,203000157,2024-05-07 08:25:39 UTC,,,,,,,,,,
200000112,203000157,2024-05-07 08:26:38 UTC,,,,,,,,,,
200000112,203000157,2024-05-07 08:28:38 UTC,,,,,,,,,,
200000112,203000157,2024-05-07 08:28:44 UTC,,,,,,,,,,
200000112,203000157,2024-05-07 08:30:40 UTC,,,,,,,,,,
200000112,203000157,2024-05-07 08:30:43 UTC,,,,,,,,,,
200000112,203000157,2024-05-07 08:37:38 UTC,,,,,,,,,,
200000112,203000157,2024-05-07 08:38:37 UTC,,,,,,,,,,
200000112,203000157,2024-05-07 08:39:38 UTC,,,,,,,,,,
200000112,203000157,2024-05-07 08:40:41 UTC,,,,,,,,,,
200000112,203000157,2024-05-07 08:41:40 UTC,,,,,,,,,,
200000112,203000157,2024-05-07 08:42:37 UTC,,,,,,,,,,
200000112,203000157,2024-05-07 08:43:38 UTC,,,,,,,,,,
200000112,203000157,2024-05-07 08:44:38 UTC,,,,,,,,,,
200000112,203000157,2024-05-07 08:53:38 UTC,,,,,,,,,,
200000112,203000157,2024-05-07 08:54:38 UTC,,,,,,,,,,
200000112,203000157,2024-05-07 08:55:38 UTC,,,,,,,,,,
200000112,203000157,2024-05-07 08:56:38 UTC,,,,,,,,,,
200000112,203000157,2024-05-07 08:57:38 UTC,,,,,,,,,,
200000112,203000157,2024-05-07 08:58:38 UTC,,,,,,,,,,
200000112,203000157,2024-05-07 08:59:38 UTC,,,,,,,,,,
200000112,203000157,2024-05-06 07:00:40 UTC,,,,,,,,,,
200000112,203000157,2024-05-06 07:04:38 UTC,,,,,,,,,,
200000112,203000157,2024-05-06 07:05:38 UTC,,,,,,,,,,
200000112,203000157,2024-05-06 07:06:39 UTC,,,,,,,,,,
200000112,203000157,2024-05-06 07:07:38 UTC,,,,,,,,,,
200000112,203000157,2024-05-06 07:08:38 UTC,,,,,,,,,,
200000112,203000157,2024-05-06 07:09:38 UTC,,,,,,,,,,
200000112,203000157,2024-05-06 07:10:40 UTC,,,,,,,,,,
200000112,203000157,2024-05-06 07:11:40 UTC,,,,,,,,,,
200000112,203000157,2024-05-06 07:12:38 UTC,,,,,,,,,,
200000112,203000157,2024-05-06 07:13:39 UTC,,,,,,,,,,
200000112,203000157,2024-05-06 07:19:38 UTC,,,,,,,,,,
200000112,203000157,2024-05-06 07:20:40 UTC,,,,,,,,,,
200000112,203000157,2024-05-06 07:21:39 UTC,,,,,,,,,,
200000112,203000157,2024-05-06 07:22:38 UTC,,,,,,,,,,
200000112,203000157,2024-05-06 07:23:38 UTC,,,,,,,,,,
200000112,203000157,2024-05-06 07:25:38 UTC,,,,,,,,,,
200000112,203000157,2024-05-06 07:25:43 UTC,,,,,,,,,,
200000112,203000157,2024-05-06 07:26:38 UTC,,,,,,,,,,
200000112,203000157,2024-05-06 07:27:38 UTC,,,,,,,,,,
200000112,203000157,2024-05-06 07:28:38 UTC,,,,,,,,,,
200000112,203000157,2024-05-06 07:29:39 UTC,,,,,,,,,,
200000112,203000157,2024-05-06 07:35:38 UTC,,,,,,,,,,
200000112,203000157,2024-05-06 07:36:39 UTC,,,,,,,,,,
200000112,203000157,2024-05-06 07:37:38 UTC,,,,,,,,,,
200000112,203000157,2024-05-06 07:38:37 UTC,,,,,,,,,,
200000112,203000157,2024-05-06 07:39:38 UTC,,,,,,,,,,
200000112,203000157,2024-05-06 07:40:40 UTC,,,,,,,,,,
200000112,203000157,2024-05-06 07:41:40 UTC,,,,,,,,,,
200000112,203000157,2024-05-06 07:42:38 UTC,,,,,,,,,,
200000112,203000157,2024-05-06 07:43:39 UTC,,,,,,,,,,
200000112,203000157,2024-05-06 07:44:38 UTC,,,,,,,,,,
200000112,203000157,2024-05-06 07:45:38 UTC,,,,,,,,,,
200000112,203000157,2024-05-06 07:52:38 UTC,,,,,,,,,,
200000112,203000157,2024-05-06 07:53:38 UTC,,,,,,,,,,
200000112,203000157,2024-05-06 07:54:38 UTC,,,,,,,,,,
200000112,203000157,2024-05-06 07:55:38 UTC,,,,,,,,,,
200000112,203000157,2024-05-06 07:56:38 UTC,,,,,,,,,,
200000112,203000157,2024-05-06 07:57:38 UTC,,,,,,,,,,
200000112,203000157,2024-05-06 07:58:38 UTC,,,,,,,,,,
200000112,203000157,2024-05-06 07:59:38 UTC,,,,,,,,,,
200000112,203000157,2024-05-06 08:00:40 UTC,,,,,,,,,,
200000112,203000157,2024-05-06 08:08:38 UTC,,,,,,,,,,
200000112,203000157,2024-05-06 08:08:43 UTC,,,,,,,,,,
200000112,203000157,2024-05-06 08:09:38 UTC,,,,,,,,,,
200000112,203000157,2024-05-06 08:10:41 UTC,,,,,,,,,,
200000112,203000157,2024-05-06 08:11:39 UTC,,,,,,,,,,
200000112,203000157,2024-05-06 08:12:38 UTC,,,,,,,,,,
200000112,203000157,2024-05-06 08:13:38 UTC,,,,,,,,,,
200000112,203000157,2024-05-06 08:14:38 UTC,,,,,,,,,,
200000112,203000157,2024-05-06 08:23:38 UTC,,,,,,,,,,
200000112,203000157,2024-05-06 08:23:41 UTC,,,,,,,,,,
200000112,203000157,2024-05-06 08:24:38 UTC,,,,,,,,,,
200000112,203000157,2024-05-06 08:25:39 UTC,,,,,,,,,,
200000112,203000157,2024-05-06 08:26:38 UTC,,,,,,,,,,
200000112,203000157,2024-05-06 08:27:38 UTC,,,,,,,,,,
200000112,203000157,2024-05-06 08:28:38 UTC,,,,,,,,,,
200000112,203000157,2024-05-06 08:30:41 UTC,,,,,,,,,,
200000112,203000157,2024-05-06 08:30:43 UTC,,,,,,,,,,
200000112,203000157,2024-05-06 08:37:38 UTC,,,,,,,,,,
200000112,203000157,2024-05-06 08:38:37 UTC,,,,,,,,,,
200000112,203000157,2024-05-06 08:39:38 UTC,,,,,,,,,,
200000112,203000157,2024-05-06 08:40:41 UTC,,,,,,,,,,
200000112,203000157,2024-05-06 08:41:39 UTC,,,,,,,,,,
200000112,203000157,2024-05-06 08:42:39 UTC,,,,,,,,,,
200000112,203000157,2024-05-06 08:43:38 UTC,,,,,,,,,,
200000112,203000157,2024-05-06 08:44:39 UTC,,,,,,,,,,
200000112,203000157,2024-05-06 08:49:38 UTC,,,,,,,,,,
200000112,203000157,2024-05-06 08:50:41 UTC,,,,,,,,,,
200000112,203000157,2024-05-06 08:51:40 UTC,,,,,,,,,,
200000112,203000157,2024-05-06 08:52:38 UTC,,,,,,,,,,
200000112,203000157,2024-05-06 08:53:38 UTC,,,,,,,,,,
200000112,203000157,2024-05-06 08:54:38 UTC,,,,,,,,,,
200000112,203000157,2024-05-06 08:55:38 UTC,,,,,,,,,,
200000112,203000157,2024-05-06 08:56:39 UTC,,,,,,,,,,
200000112,203000157,2024-05-06 08:57:39 UTC,,,,,,,,,,
200000112,203000157,2024-05-06 08:58:38 UTC,,,,,,,,,,
200000112,203000157,2024-05-06 08:59:38 UTC,,,,,,,,,,
200000112,203000157,2024-05-07 07:10:41 UTC,,,,,,,,,,
200000112,203000157,2024-05-07 07:11:39 UTC,,,,,,,,,,
200000112,203000157,2024-05-07 07:12:38 UTC,,,,,,,,,,
200000112,203000157,2024-05-07 07:13:38 UTC,,,,,,,,,,
200000112,203000157,2024-05-07 07:21:39 UTC,,,,,,,,,,
200000112,203000157,2024-05-07 07:22:38 UTC,,,,,,,,,,
200000112,203000157,2024-05-07 07:23:38 UTC,,,,,,,,,,
200000112,203000157,2024-05-07 07:24:39 UTC,,,,,,,,,,
200000112,203000157,2024-05-07 07:25:38 UTC,,,,,,,,,,
200000112,203000157,2024-05-07 07:26:38 UTC,,,,,,,,,,
200000112,203000157,2024-05-07 07:28:38 UTC,,,,,,,,,,
200000112,203000157,2024-05-07 07:28:43 UTC,,,,,,,,,,
200000112,203000157,2024-05-07 07:29:39 UTC,,,,,,,,,,
200000112,203000157,2024-05-07 07:36:39 UTC,,,,,,,,,,
200000112,203000157,2024-05-07 07:37:38 UTC,,,,,,,,,,
200000112,203000157,2024-05-07 07:38:38 UTC,,,,,,,,,,
200000112,203000157,2024-05-07 07:39:39 UTC,,,,,,,,,,
200000112,203000157,2024-05-07 07:40:40 UTC,,,,,,,,,,
200000112,203000157,2024-05-07 07:41:39 UTC,,,,,,,,,,
200000112,203000157,2024-05-07 07:42:38 UTC,,,,,,,,,,
200000112,203000157,2024-05-07 07:43:38 UTC,,,,,,,,,,
200000112,203000157,2024-05-07 07:44:38 UTC,,,,,,,,,,
200000112,203000157,2024-05-07 07:45:38 UTC,,,,,,,,,,
200000112,203000157,2024-05-07 07:54:38 UTC,,,,,,,,,,
200000112,203000157,2024-05-07 07:54:44 UTC,,,,,,,,,,
200000112,203000157,2024-05-07 07:55:37 UTC,,,,,,,,,,
200000112,203000157,2024-05-07 07:56:38 UTC,,,,,,,,,,
200000112,203000157,2024-05-07 07:57:38 UTC,,,,,,,,,,
200000112,203000157,2024-05-07 07:58:38 UTC,,,,,,,,,,
200000112,203000157,2024-05-07 07:59:38 UTC,,,,,,,,,,
200000112,203000157,2024-05-07 09:09:38 UTC,,,,,,,,,,
200000112,203000157,2024-05-07 09:09:43 UTC,,,,,,,,,,
200000112,203000157,2024-05-07 09:10:40 UTC,,,,,,,,,,
200000112,203000157,2024-05-07 09:11:40 UTC,,,,,,,,,,
200000112,203000157,2024-05-07 09:12:38 UTC,,,,,,,,,,
200000112,203000157,2024-05-07 09:13:38 UTC,,,,,,,,,,
200000112,203000157,2024-05-07 09:14:38 UTC,,,,,,,,,,
200000112,203000157,2024-05-07 09:15:38 UTC,,,,,,,,,,
200000112,203000157,2024-05-07 09:16:38 UTC,,,,,,,,,,
200000112,203000157,2024-05-07 09:17:38 UTC,,,,,,,,,,
200000112,203000157,2024-05-07 09:18:38 UTC,,,,,,,,,,
200000112,203000157,2024-05-07 09:19:38 UTC,,,,,,,,,,
200000112,203000157,2024-05-07 09:25:38 UTC,,,,,,,,,,
200000112,203000157,2024-05-07 09:26:38 UTC,,,,,,,,,,
200000112,203000157,2024-05-07 09:27:38 UTC,,,,,,,,,,
200000112,203000157,2024-05-07 09:28:37 UTC,,,,,,,,,,
200000112,203000157,2024-05-07 09:30:41 UTC,,,,,,,,,,
200000112,203000157,2024-05-07 09:31:40 UTC,,,,,,,,,,
200000112,203000157,2024-05-07 09:32:38 UTC,,,,,,,,,,
200000112,203000157,2024-05-07 09:33:38 UTC,,,,,,,,,,
200000112,203000157,2024-05-07 09:34:38 UTC,,,,,,,,,,
200000112,203000157,2024-05-07 09:35:37 UTC,,,,,,,,,,
200000112,203000157,2024-05-07 09:36:37 UTC,,,,,,,,,,
200000112,203000157,2024-05-07 09:38:38 UTC,,,,,,,,,,
200000112,203000157,2024-05-07 09:38:43 UTC,,,,,,,,,,
200000112,203000157,2024-05-07 09:39:39 UTC,,,,,,,,,,
200000112,203000157,2024-05-07 09:40:40 UTC,,,,,,,,,,
200000112,203000157,2024-05-07 09:46:39 UTC,,,,,,,,,,
200000112,203000157,2024-05-07 09:47:37 UTC,,,,,,,,,,
200000112,203000157,2024-05-07 09:48:38 UTC,,,,,,,,,,
200000112,203000157,2024-05-07 09:49:38 UTC,,,,,,,,,,
200000112,203000157,2024-05-07 09:50:40 UTC,,,,,,,,,,
200000112,203000157,2024-05-07 09:51:55 UTC,,,,,,,,,,
200000112,203000157,2024-05-07 09:52:38 UTC,,,,,,,,,,
200000112,203000157,2024-05-07 09:53:37 UTC,,,,,,,,,,
200000112,203000157,2024-05-07 09:54:38 UTC,,,,,,,,,,
200000112,203000157,2024-05-07 09:55:37 UTC,,,,,,,,,,
200000112,203000157,2024-05-07 09:56:38 UTC,,,,,,,,,,
200000112,203000157,2024-05-07 09:57:37 UTC,,,,,,,,,,
200000112,203000157,2024-05-07 09:58:38 UTC,,,,,,,,,,
200000112,203000157,2024-05-08 07:05:39 UTC,,,,,,,,,,
200000112,203000157,2024-05-08 07:06:38 UTC,,,,,,,,,,
200000112,203000157,2024-05-08 07:07:38 UTC,,,,,,,,,,
200000112,203000157,2024-05-08 07:08:39 UTC,,,,,,,,,,
200000112,203000157,2024-05-08 07:09:38 UTC,,,,,,,,,,
200000112,203000157,2024-05-08 07:10:40 UTC,,,,,,,,,,
200000112,203000157,2024-05-08 07:12:39 UTC,,,,,,,,,,
200000112,203000157,2024-05-08 07:12:44 UTC,,,,,,,,,,
200000112,203000157,2024-05-08 07:13:39 UTC,,,,,,,,,,
200000112,203000157,2024-05-08 07:14:39 UTC,,,,,,,,,,
200000112,203000157,2024-05-08 07:24:38 UTC,,,,,,,,,,
200000112,203000157,2024-05-08 07:26:38 UTC,,,,,,,,,,
200000112,203000157,2024-05-08 07:26:43 UTC,,,,,,,,,,
200000112,203000157,2024-05-08 07:27:37 UTC,,,,,,,,,,
200000112,203000157,2024-05-08 07:28:39 UTC,,,,,,,,,,
200000112,203000157,2024-05-08 07:29:38 UTC,,,,,,,,,,
200000112,203000157,2024-05-08 07:30:41 UTC,,,,,,,,,,
200000112,203000157,2024-05-08 07:38:50 UTC,,,,,,,,,,
200000112,203000157,2024-05-08 07:39:38 UTC,,,,,,,,,,
200000112,203000157,2024-05-08 07:40:40 UTC,,,,,,,,,,
200000112,203000157,2024-05-08 07:41:39 UTC,,,,,,,,,,
200000112,203000157,2024-05-08 07:42:38 UTC,,,,,,,,,,
200000112,203000157,2024-05-08 07:43:39 UTC,,,,,,,,,,
200000112,203000157,2024-05-08 07:44:38 UTC,,,,,,,,,,
200000112,203000157,2024-05-08 07:53:38 UTC,,,,,,,,,,
200000112,203000157,2024-05-08 07:54:38 UTC,,,,,,,,,,
200000112,203000157,2024-05-08 07:55:38 UTC,,,,,,,,,,
200000112,203000157,2024-05-08 07:56:38 UTC,,,,,,,,,,
200000112,203000157,2024-05-08 07:57:38 UTC,,,,,,,,,,
200000112,203000157,2024-05-08 07:58:37 UTC,,,,,,,,,,
200000112,203000157,2024-05-08 07:59:38 UTC,,,,,,,,,,
200000112,203000157,2024-05-08 08:00:40 UTC,,,,,,,,,,
200000112,203000157,2024-05-08 08:09:38 UTC,,,,,,,,,,
200000112,203000157,2024-05-08 08:10:40 UTC,,,,,,,,,,
200000112,203000157,2024-05-08 08:11:39 UTC,,,,,,,,,,
200000112,203000157,2024-05-08 08:12:37 UTC,,,,,,,,,,
200000112,203000157,2024-05-08 08:13:38 UTC,,,,,,,,,,
200000112,203000157,2024-05-08 08:14:37 UTC,,,,,,,,,,
200000112,203000157,2024-05-08 08:25:38 UTC,,,,,,,,,,
200000112,203000157,2024-05-08 08:26:38 UTC,,,,,,,,,,
200000112,203000157,2024-05-08 08:27:38 UTC,,,,,,,,,,
200000112,203000157,2024-05-08 08:28:38 UTC,,,,,,,,,,
200000112,203000157,2024-05-08 08:29:38 UTC,,,,,,,,,,
200000112,203000157,2024-05-08 08:30:39 UTC,,,,,,,,,,
200000112,203000157,2024-05-08 08:37:39 UTC,,,,,,,,,,
200000112,203000157,2024-05-08 08:38:38 UTC,,,,,,,,,,
200000112,203000157,2024-05-08 08:39:38 UTC,,,,,,,,,,
200000112,203000157,2024-05-08 08:41:42 UTC,,,,,,,,,,
200000112,203000157,2024-05-08 08:42:38 UTC,,,,,,,,,,
200000112,203000157,2024-05-08 08:44:37 UTC,,,,,,,,,,
200000112,203000157,2024-05-08 08:45:38 UTC,,,,,,,,,,
200000112,203000157,2024-05-08 08:53:58 UTC,,,,,,,,,,
200000112,203000157,2024-05-08 08:54:38 UTC,,,,,,,,,,
200000112,203000157,2024-05-08 08:55:45 UTC,,,,,,,,,,
200000112,203000157,2024-05-08 08:56:33 UTC,,,,,,,,,,
200000112,203000157,2024-05-08 08:58:38 UTC,,,,,,,,,,
200000112,203000157,2024-05-08 08:58:41 UTC,,,,,,,,,,
200000112,203000157,2024-05-08 08:59:20 UTC,,,,,,,,,,
200000112,203000157,2024-05-08 08:59:38 UTC,,,,,,,,,,
200000112,203000157,2024-05-08 09:00:41 UTC,,,,,,,,,,
200000112,203000157,2024-05-08 09:07:38 UTC,,,,,,,,,,
200000112,203000157,2024-05-08 09:08:38 UTC,,,,,,,,,,
200000112,203000157,2024-05-08 09:09:38 UTC,,,,,,,,,,
200000112,203000157,2024-05-08 09:10:40 UTC,,,,,,,,,,
200000112,203000157,2024-05-08 09:11:55 UTC,,,,,,,,,,
200000112,203000157,2024-05-08 09:12:38 UTC,,,,,,,,,,
200000112,203000157,2024-05-08 09:13:38 UTC,,,,,,,,,,
200000112,203000157,2024-05-08 09:14:38 UTC,,,,,,,,,,
200000112,203000157,2024-05-08 09:15:55 UTC,,,,,,,,,,
200000112,203000157,2024-05-08 09:16:38 UTC,,,,,,,,,,
200000112,203000157,2024-05-08 09:17:38 UTC,,,,,,,,,,
200000112,203000157,2024-05-08 09:18:37 UTC,,,,,,,,,,
200000112,203000157,2024-05-08 09:19:39 UTC,,,,,,,,,,
200000112,203000157,2024-05-08 09:28:10 UTC,,,,,,,,,,
200000112,203000157,2024-05-08 09:28:53 UTC,,,,,,,,,,
200000112,203000157,2024-05-08 09:29:38 UTC,,,,,,,,,,
200000112,203000157,2024-05-08 09:30:55 UTC,,,,,,,,,,
200000112,203000157,2024-05-08 09:31:39 UTC,,,,,,,,,,
200000112,203000157,2024-05-08 09:32:38 UTC,,,,,,,,,,
200000112,203000157,2024-05-08 09:34:38 UTC,,,,,,,,,,
200000112,203000157,2024-05-08 09:34:43 UTC,,,,,,,,,,
200000112,203000157,2024-05-08 09:35:38 UTC,,,,,,,,,,
200000112,203000157,2024-05-08 09:36:38 UTC,,,,,,,,,,
200000112,203000157,2024-05-08 09:37:38 UTC,,,,,,,,,,
200000112,203000157,2024-05-08 09:38:37 UTC,,,,,,,,,,
200000112,203000157,2024-05-08 09:39:38 UTC,,,,,,,,,,
200000112,203000157,2024-05-08 09:46:42 UTC,,,,,,,,,,
200000112,203000157,2024-05-08 09:47:37 UTC,,,,,,,,,,
200000112,203000157,2024-05-08 09:48:38 UTC,,,,,,,,,,
200000112,203000157,2024-05-08 09:49:38 UTC,,,,,,,,,,
200000112,203000157,2024-05-08 09:50:40 UTC,,,,,,,,,,
200000112,203000157,2024-05-08 09:51:39 UTC,,,,,,,,,,
200000112,203000157,2024-05-08 09:52:38 UTC,,,,,,,,,,
200000112,203000157,2024-05-08 09:53:38 UTC,,,,,,,,,,
200000112,203000157,2024-05-08 09:54:38 UTC,,,,,,,,,,
200000112,203000157,2024-05-08 09:55:37 UTC,,,,,,,,,,
200000112,203000157,2024-05-08 09:56:38 UTC,,,,,,,,,,
200000112,203000157,2024-05-08 09:57:38 UTC,,,,,,,,,,
200000112,203000157,2024-05-08 09:58:37 UTC,,,,,,,,,,
200000112,203000157,2024-05-08 09:59:39 UTC,,,,,,,,,,
200000112,203000157,2024-05-08 08:07:38 UTC,6,PASS,경기70바5768,1,2,24,,,,
200000112,203000157,2024-05-08 08:08:38 UTC,6,PASS,경기70바5768,1,1,24,,,,
200000112,203000157,2024-05-07 08:08:38 UTC,6,PASS,경기70바5769,1,1,26,,,,
200000112,203000157,2024-05-03 08:08:37 UTC,6,PASS,경기70바5611,1,1,29,,,,
200000112,203000157,2024-05-07 08:23:38 UTC,6,PASS,경기70바5770,1,1,31,,,,
200000112,203000157,2024-05-08 08:23:38 UTC,6,PASS,경기70바5769,1,2,32,,,,
200000112,203000157,2024-05-08 08:24:38 UTC,6,PASS,경기70바5769,1,1,32,,,,
200000112,203000157,2024-05-02 07:49:37 UTC,6,PASS,경기70바5547,1,1,33,,,,
200000112,203000157,2024-05-02 07:50:39 UTC,6,PASS,경기70바5547,1,1,33,,,,
200000112,203000157,2024-05-07 07:52:38 UTC,6,PASS,경기70바5768,1,1,33,,,,
200000112,203000157,2024-04-30 08:04:36 UTC,6,PASS,경기70바5652,1,1,36,,,,
200000112,203000157,2024-04-29 09:40:39 UTC,6,PASS,경기70바5768,1,1,36,,,,
200000112,203000157,2024-04-29 09:41:36 UTC,6,PASS,경기70바5768,1,1,36,,,,
200000112,203000157,2024-04-30 09:05:37 UTC,6,PASS,경기70바5547,1,1,37,,,,
200000112,203000157,2024-04-30 09:06:37 UTC,6,PASS,경기70바5547,1,1,37,,,,
200000112,203000157,2024-05-02 08:07:38 UTC,6,PASS,경기70바5650,1,1,37,,,,
200000112,203000157,2024-05-02 07:09:37 UTC,6,PASS,경기70바5770,1,1,37,,,,
200000112,203000157,2024-05-02 07:08:37 UTC,6,PASS,경기70바5770,1,2,37,,,,
200000112,203000157,2024-05-07 07:51:40 UTC,6,PASS,경기70바5768,1,2,37,,,,
200000112,203000157,2024-05-08 08:06:38 UTC,6,PASS,경기70바5768,1,1,37,,,,
200000112,203000157,2024-05-02 07:48:38 UTC,6,PASS,경기70바5547,1,1,38,,,,
200000112,203000157,2024-04-30 09:04:37 UTC,6,PASS,경기70바5547,1,1,39,,,,
200000112,203000157,2024-04-29 09:39:36 UTC,6,PASS,경기70바5768,1,1,39,,,,
200000112,203000157,2024-05-03 07:07:37 UTC,6,PASS,경기70바5769,1,1,39,,,,
200000112,203000157,2024-05-03 07:21:37 UTC,6,PASS,경기70바5770,1,1,39,,,,
200000112,203000157,2024-05-07 07:08:39 UTC,6,PASS,경기70바5926,1,2,39,,,,
200000112,203000157,2024-05-07 07:09:37 UTC,6,PASS,경기70바5926,1,1,39,,,,
200000112,203000157,2024-05-08 07:23:38 UTC,6,PASS,경기70바5926,1,2,39,,,,
200000112,203000157,2024-05-08 07:52:39 UTC,6,PASS,경기70바5767,1,1,39,,,,
200000112,203000157,2024-05-08 08:36:39 UTC,6,PASS,경기70바5770,1,1,39,,,,
200000112,203000157,2024-04-30 08:22:38 UTC,6,PASS,경기70바3713,1,1,40,,,,
200000112,203000157,2024-05-03 08:22:36 UTC,6,PASS,경기70바5650,1,1,40,,,,
200000112,203000157,2024-05-03 08:23:37 UTC,6,PASS,경기70바5650,1,1,40,,,,
200000112,203000157,2024-05-03 08:24:38 UTC,6,PASS,경기70바5650,1,1,40,,,,
200000112,203000157,2024-05-02 07:07:38 UTC,6,PASS,경기70바5770,1,1,40,,,,
200000112,203000157,2024-04-30 07:07:36 UTC,6,PASS,경기70바5772,1,1,40,,,,
200000112,203000157,2024-04-30 07:08:37 UTC,6,PASS,경기70바5772,1,1,40,,,,
200000112,203000157,2024-04-30 07:09:37 UTC,6,PASS,경기70바5772,1,1,40,,,,
200000112,203000157,2024-04-30 07:10:38 UTC,6,PASS,경기70바5772,1,1,40,,,,
200000112,203000157,2024-05-02 09:45:37 UTC,6,PASS,경기70바5926,1,1,40,,,,
200000112,203000157,2024-05-02 07:06:37 UTC,6,PASS,경기70바5770,1,2,40,,,,
200000112,203000157,2024-05-07 07:19:38 UTC,6,PASS,경기70바5766,1,3,40,,,,
200000112,203000157,2024-05-07 07:20:40 UTC,6,PASS,경기70바5766,1,2,40,,,,
200000112,203000157,2024-05-06 07:51:39 UTC,6,PASS,경기70바5768,1,1,40,,,,
200000112,203000157,2024-05-07 08:21:40 UTC,6,PASS,경기70바5770,1,1,40,,,,
200000112,203000157,2024-05-07 08:22:38 UTC,6,PASS,경기70바5770,1,1,40,,,,
200000112,203000157,2024-05-03 08:07:37 UTC,6,PASS,경기70바5611,1,1,41,,,,
200000112,203000157,2024-05-01 08:09:37 UTC,6,PASS,경기70바5651,1,1,41,,,,
200000112,203000157,2024-05-03 07:06:37 UTC,6,PASS,경기70바5769,1,1,41,,,,
200000112,203000157,2024-05-03 08:06:36 UTC,6,PASS,경기70바5611,1,2,41,,,,
200000112,203000157,2024-05-02 07:35:38 UTC,6,PASS,경기70바5772,1,2,41,,,,
200000112,203000157,2024-05-01 08:08:37 UTC,6,PASS,경기70바5651,1,3,41,,,,
200000112,203000157,2024-05-02 07:24:37 UTC,6,PASS,경기70바5771,1,4,41,,,,
200000112,203000157,2024-05-02 07:23:38 UTC,6,PASS,경기70바5771,1,5,41,,,,
200000112,203000157,2024-05-06 08:06:38 UTC,6,PASS,경기70바5769,1,1,41,,,,
200000112,203000157,2024-05-06 08:21:40 UTC,6,PASS,경기70바5770,1,1,41,,,,
200000112,203000157,2024-05-08 07:36:39 UTC,6,PASS,경기70바5766,1,2,41,,,,
200000112,203000157,2024-05-08 07:37:38 UTC,6,PASS,경기70바5766,1,1,41,,,,
200000112,203000157,2024-05-08 08:21:40 UTC,6,PASS,경기70바5769,1,2,41,,,,
200000112,203000157,2024-05-08 08:22:38 UTC,6,PASS,경기70바5769,1,2,41,,,,
200000112,203000157,2024-05-03 09:06:37 UTC,6,PASS,경기70바3713,1,1,42,,,,
200000112,203000157,2024-05-01 09:25:37 UTC,6,PASS,경기70바5926,1,1,42,,,,
200000112,203000157,2024-05-01 09:46:37 UTC,6,PASS,경기70바5766,1,2,42,,,,
200000112,203000157,2024-04-30 07:23:36 UTC,6,PASS,경기70바5649,1,4,42,,,,
200000112,203000157,2024-05-02 08:21:39 UTC,6,PASS,경기70바5651,1,1,43,,,,
200000112,203000157,2024-05-01 08:19:37 UTC,6,PASS,경기70바5652,1,1,43,,,,
200000112,203000157,2024-04-30 09:24:37 UTC,6,PASS,경기70바5766,1,1,43,,,,
200000112,203000157,2024-05-03 07:49:36 UTC,6,PASS,경기70바5772,1,1,43,,,,
200000112,203000157,2024-05-01 09:24:37 UTC,6,PASS,경기70바5926,1,1,43,,,,
200000112,203000157,2024-05-08 07:21:40 UTC,6,PASS,경기70바5926,1,1,43,,,,
200000112,203000157,2024-05-08 07:22:38 UTC,6,PASS,경기70바5926,1,1,43,,,,
200000112,203000157,2024-05-08 07:51:40 UTC,6,PASS,경기70바5767,1,1,43,,,,
200000112,203000157,2024-05-03 07:37:38 UTC,6,PASS,경기70바5771,1,1,44,,,,
200000112,203000157,2024-04-30 07:06:37 UTC,6,PASS,경기70바5772,1,1,44,,,,
200000112,203000157,2024-05-02 07:34:37 UTC,6,PASS,경기70바5772,1,1,44,,,,
200000112,203000157,2024-05-03 07:48:37 UTC,6,PASS,경기70바5772,1,1,44,,,,
200000112,203000157,2024-05-01 07:21:36 UTC,6,PASS,경기70바5772,1,2,44,,,,
200000112,203000157,2024-05-02 07:33:37 UTC,6,PASS,경기70바5772,1,2,44,,,,
200000112,203000157,2024-05-07 07:18:38 UTC,6,PASS,경기70바5766,1,3,44,,,,
200000112,203000157,2024-05-07 08:51:44 UTC,6,PASS,경기70바5772,1,1,44,,,,
200000112,203000157,2024-05-07 08:52:38 UTC,6,PASS,경기70바5772,1,1,44,,,,
200000112,203000157,2024-05-06 07:03:37 UTC,6,PASS,경기70바5926,1,1,44,,,,
200000112,203000157,2024-05-07 07:06:37 UTC,6,PASS,경기70바5926,1,2,44,,,,
200000112,203000157,2024-05-07 07:07:37 UTC,6,PASS,경기70바5926,1,2,44,,,,
200000112,203000157,2024-05-07 09:06:40 UTC,6,PASS,경기70바5649,1,2,44,,,,
200000112,203000157,2024-05-07 09:07:38 UTC,6,PASS,경기70바5649,1,1,44,,,,
200000112,203000157,2024-05-08 08:51:40 UTC,6,PASS,경기70바5772,1,1,44,,,,
200000112,203000157,2024-05-08 09:26:38 UTC,6,PASS,경기70바5649,1,1,44,,,,
200000112,203000157,2024-05-08 09:26:42 UTC,6,PASS,경기70바5649,1,1,44,,,,
200000112,203000157,2024-05-02 08:33:37 UTC,6,PASS,경기70바5652,1,1,45,,,,
200000112,203000157,2024-05-02 08:34:37 UTC,6,PASS,경기70바5652,1,1,45,,,,
200000112,203000157,2024-05-02 09:27:37 UTC,6,PASS,경기70바5696,1,1,45,,,,
200000112,203000157,2024-05-02 08:51:37 UTC,6,PASS,경기70바3713,1,2,45,,,,
200000112,203000157,2024-04-30 07:36:36 UTC,6,PASS,경기70바5650,1,2,45,,,,
200000112,203000157,2024-04-30 07:51:37 UTC,6,PASS,경기70바5651,1,2,45,,,,
200000112,203000157,2024-05-02 09:08:37 UTC,6,PASS,경기70바5695,1,2,45,,,,
200000112,203000157,2024-05-01 09:45:37 UTC,6,PASS,경기70바5766,1,2,45,,,,
200000112,203000157,2024-05-01 07:06:38 UTC,6,PASS,경기70바5771,1,2,45,,,,
200000112,203000157,2024-05-02 07:21:37 UTC,6,PASS,경기70바5771,1,2,45,,,,
200000112,203000157,2024-05-02 07:22:38 UTC,6,PASS,경기70바5771,1,2,45,,,,
200000112,203000157,2024-05-06 07:18:38 UTC,6,PASS,경기70바5766,1,2,45,,,,
200000112,203000157,2024-05-07 08:36:38 UTC,6,PASS,경기70바5771,1,1,45,,,,
200000112,203000157,2024-05-07 08:51:39 UTC,6,PASS,경기70바5772,1,1,45,,,,
200000112,203000157,2024-05-06 08:36:38 UTC,6,PASS,경기70바5772,1,1,45,,,,
200000112,203000157,2024-05-08 09:45:38 UTC,6,PASS,경기70바5650,1,2,45,,,,
200000112,203000157,2024-05-01 07:49:37 UTC,6,PASS,경기70바5650,1,1,46,,,,
200000112,203000157,2024-05-03 08:39:37 UTC,6,PASS,경기70바5651,1,1,46,,,,
200000112,203000157,2024-05-03 08:40:40 UTC,6,PASS,경기70바5651,1,1,46,,,,
200000112,203000157,2024-05-03 08:41:37 UTC,6,PASS,경기70바5651,1,1,46,,,,
200000112,203000157,2024-04-30 08:36:37 UTC,6,PASS,경기70바5695,1,1,46,,,,
200000112,203000157,2024-04-30 08:37:37 UTC,6,PASS,경기70바5695,1,1,46,,,,
200000112,203000157,2024-04-30 08:38:36 UTC,6,PASS,경기70바5695,1,1,46,,,,
200000112,203000157,2024-04-30 08:39:36 UTC,6,PASS,경기70바5695,1,1,46,,,,
200000112,203000157,2024-04-30 08:40:39 UTC,6,PASS,경기70바5695,1,1,46,,,,
200000112,203000157,2024-05-03 09:25:37 UTC,6,PASS,경기70바5695,1,1,46,,,,
200000112,203000157,2024-05-01 07:36:36 UTC,6,PASS,경기70바5649,1,2,46,,,,
200000112,203000157,2024-05-03 09:45:37 UTC,6,PASS,경기70바5696,1,4,46,,,,
200000112,203000157,2024-05-07 09:45:45 UTC,6,PASS,경기70바5651,1,1,46,,,,
200000112,203000157,2024-05-08 07:04:38 UTC,6,PASS,경기70바5696,1,1,46,,,,
200000112,203000157,2024-05-08 09:06:38 UTC,6,PASS,경기70바5611,1,1,46,,,,
200000112,203000157,2024-04-30 09:45:37 UTC,6,PASS,경기70바5582,1,1,47,,,,
200000112,203000157,2024-05-03 08:21:38 UTC,6,PASS,경기70바5650,1,1,47,,,,
200000112,203000157,2024-05-03 09:24:37 UTC,6,PASS,경기70바5695,1,1,47,,,,
200000112,203000157,2024-05-01 08:07:37 UTC,6,PASS,경기70바5651,1,2,47,,,,
200000112,203000157,2024-05-02 09:06:37 UTC,6,PASS,경기70바5695,1,2,47,,,,
200000112,203000157,2024-05-02 09:07:38 UTC,6,PASS,경기70바5695,1,2,47,,,,
200000112,203000157,2024-04-30 07:21:37 UTC,6,PASS,경기70바5649,1,3,47,,,,
200000112,203000157,2024-04-30 07:22:37 UTC,6,PASS,경기70바5649,1,3,47,,,,
200000112,203000157,2024-05-01 08:06:37 UTC,6,PASS,경기70바5651,1,3,47,,,,
200000112,203000157,2024-05-01 09:07:37 UTC,6,PASS,경기70바5696,1,3,47,,,,
200000112,203000157,2024-05-06 09:33:38 UTC,6,PASS,경기70바5611,1,1,47,,,,
200000112,203000157,2024-05-06 09:34:38 UTC,6,PASS,경기70바5611,1,1,47,,,,
200000112,203000157,2024-05-07 09:24:38 UTC,6,PASS,경기70바5650,1,1,47,,,,
200000112,203000157,2024-04-30 08:21:36 UTC,6,PASS,경기70바3713,1,1,48,,,,
200000112,203000157,2024-05-02 08:06:38 UTC,6,PASS,경기70바5650,1,1,48,,,,
200000112,203000157,2024-05-03 08:36:38 UTC,6,PASS,경기70바5651,1,1,48,,,,
200000112,203000157,2024-05-03 08:37:37 UTC,6,PASS,경기70바5651,1,1,48,,,,
200000112,203000157,2024-05-03 08:38:37 UTC,6,PASS,경기70바5651,1,1,48,,,,
200000112,203000157,2024-04-30 08:03:37 UTC,6,PASS,경기70바5652,1,1,48,,,,
200000112,203000157,2024-05-03 08:48:37 UTC,6,PASS,경기70바5652,1,1,48,,,,
200000112,203000157,2024-04-30 08:51:37 UTC,6,PASS,경기70바5696,1,1,48,,,,
200000112,203000157,2024-05-01 08:51:37 UTC,6,PASS,경기70바5695,1,2,48,,,,
200000112,203000157,2024-05-06 09:51:39 UTC,6,PASS,경기70바3713,1,1,48,,,,
200000112,203000157,2024-05-07 07:33:38 UTC,6,PASS,경기70바5582,1,2,48,,,,
200000112,203000157,2024-05-07 07:34:38 UTC,6,PASS,경기70바5582,1,1,48,,,,
200000112,203000157,2024-05-07 07:35:38 UTC,6,PASS,경기70바5582,1,1,48,,,,
200000112,203000157,2024-05-06 09:04:38 UTC,6,PASS,경기70바5650,1,1,48,,,,
200000112,203000157,2024-05-06 09:21:40 UTC,6,PASS,경기70바5651,1,1,48,,,,
200000112,203000157,2024-05-08 09:24:38 UTC,6,PASS,경기70바5649,1,1,48,,,,
200000112,203000157,2024-05-01 08:18:36 UTC,6,PASS,경기70바5652,1,1,49,,,,
200000112,203000157,2024-05-01 09:06:37 UTC,6,PASS,경기70바5696,1,1,49,,,,
200000112,203000157,2024-05-01 07:48:37 UTC,6,PASS,경기70바5650,1,2,49,,,,
200000112,203000157,2024-05-06 07:33:38 UTC,6,PASS,경기70바5582,1,1,49,,,,
200000112,203000157,2024-05-06 07:34:39 UTC,6,PASS,경기70바5582,1,1,49,,,,
200000112,203000157,2024-05-06 09:03:38 UTC,6,PASS,경기70바5650,1,1,49,,,,
200000112,203000157,2024-05-08 07:03:38 UTC,6,PASS,경기70바5696,1,2,49,,,,
200000112,203000157,2024-05-03 07:36:37 UTC,6,PASS,경기70바5771,1,2,-1,,,,
200000112,203000157,2024-05-08 08:05:39 UTC,6,PASS,경기70바5768,2,3,37,,,,
200000112,203000157,2024-05-02 07:47:37 UTC,6,PASS,경기70바5547,2,4,38,,,,
200000112,203000157,2024-04-30 09:03:37 UTC,6,PASS,경기70바5547,2,2,39,,,,
200000112,203000157,2024-05-02 07:05:37 UTC,6,PASS,경기70바5770,2,3,40,,,,
200000112,203000157,2024-05-07 07:50:41 UTC,6,PASS,경기70바5768,2,2,40,,,,
200000112,203000157,2024-05-07 08:05:38 UTC,6,PASS,경기70바5769,2,3,40,,,,
200000112,203000157,2024-05-07 08:06:38 UTC,6,PASS,경기70바5769,2,3,40,,,,
200000112,203000157,2024-05-07 08:07:39 UTC,6,PASS,경기70바5769,2,2,40,,,,
200000112,203000157,2024-05-07 08:20:40 UTC,6,PASS,경기70바5770,2,3,40,,,,
200000112,203000157,2024-04-30 09:02:37 UTC,6,PASS,경기70바5547,2,2,41,,,,
200000112,203000157,2024-04-29 09:38:37 UTC,6,PASS,경기70바5768,2,2,41,,,,
200000112,203000157,2024-05-03 07:05:38 UTC,6,PASS,경기70바5769,2,2,41,,,,
200000112,203000157,2024-04-29 09:59:37 UTC,6,PASS,경기70바5769,2,3,41,,,,
200000112,203000157,2024-05-03 07:20:38 UTC,6,PASS,경기70바5770,2,3,41,,,,
200000112,203000157,2024-05-06 08:05:38 UTC,6,PASS,경기70바5769,2,3,41,,,,
200000112,203000157,2024-05-06 08:20:40 UTC,6,PASS,경기70바5770,2,2,41,,,,
200000112,203000157,2024-05-08 08:20:41 UTC,6,PASS,경기70바5769,2,5,41,,,,
200000112,203000157,2024-05-08 08:35:39 UTC,6,PASS,경기70바5770,2,2,41,,,,
200000112,203000157,2024-05-02 09:44:37 UTC,6,PASS,경기70바5926,2,2,42,,,,
200000112,203000157,2024-05-08 07:20:41 UTC,6,PASS,경기70바5926,2,5,43,,,,
200000112,203000157,2024-05-08 07:50:41 UTC,6,PASS,경기70바5767,2,3,43,,,,
200000112,203000157,2024-05-03 07:47:36 UTC,6,PASS,경기70바5772,2,2,44,,,,
200000112,203000157,2024-05-01 09:23:37 UTC,6,PASS,경기70바5926,2,2,44,,,,
200000112,203000157,2024-05-03 09:05:37 UTC,6,PASS,경기70바3713,2,3,44,,,,
200000112,203000157,2024-05-01 07:20:39 UTC,6,PASS,경기70바5772,2,3,44,,,,
200000112,203000157,2024-04-30 07:05:37 UTC,6,PASS,경기70바5772,2,3,44,,,,
200000112,203000157,2024-05-07 07:17:46 UTC,6,PASS,경기70바5766,2,5,44,,,,
200000112,203000157,2024-05-06 07:02:38 UTC,6,PASS,경기70바5926,2,3,44,,,,
200000112,203000157,2024-05-07 07:05:38 UTC,6,PASS,경기70바5926,2,4,44,,,,
200000112,203000157,2024-04-30 09:23:37 UTC,6,PASS,경기70바5766,2,2,45,,,,
200000112,203000157,2024-05-03 07:35:38 UTC,6,PASS,경기70바5771,2,2,45,,,,
200000112,203000157,2024-05-01 07:05:37 UTC,6,PASS,경기70바5771,2,3,45,,,,
200000112,203000157,2024-05-02 07:32:37 UTC,6,PASS,경기70바5772,2,3,45,,,,
200000112,203000157,2024-05-01 09:44:36 UTC,6,PASS,경기70바5766,2,4,45,,,,
200000112,203000157,2024-05-02 07:20:39 UTC,6,PASS,경기70바5771,2,4,45,,,,
200000112,203000157,2024-05-06 07:17:39 UTC,6,PASS,경기70바5766,2,2,45,,,,
200000112,203000157,2024-05-07 08:35:37 UTC,6,PASS,경기70바5771,2,3,45,,,,
200000112,203000157,2024-05-06 08:35:39 UTC,6,PASS,경기70바5772,2,2,45,,,,
200000112,203000157,2024-05-08 07:35:38 UTC,6,PASS,경기70바5766,2,2,45,,,,
200000112,203000157,2024-05-08 08:50:40 UTC,6,PASS,경기70바5772,2,3,45,,,,
200000112,203000157,2024-05-02 08:20:39 UTC,6,PASS,경기70바5651,2,3,46,,,,
200000112,203000157,2024-05-08 09:05:50 UTC,6,PASS,경기70바5611,2,2,46,,,,
200000112,203000157,2024-05-03 08:05:36 UTC,6,PASS,경기70바5611,2,2,47,,,,
200000112,203000157,2024-04-30 07:35:37 UTC,6,PASS,경기70바5650,2,3,47,,,,
200000112,203000157,2024-05-03 08:20:39 UTC,6,PASS,경기70바5650,2,4,47,,,,
200000112,203000157,2024-05-02 08:32:38 UTC,6,PASS,경기70바5652,2,4,47,,,,
200000112,203000157,2024-04-30 07:20:38 UTC,6,PASS,경기70바5649,2,5,47,,,,
200000112,203000157,2024-05-06 09:32:39 UTC,6,PASS,경기70바5611,2,2,47,,,,
200000112,203000157,2024-05-07 09:05:39 UTC,6,PASS,경기70바5649,2,3,47,,,,
200000112,203000157,2024-05-07 09:23:39 UTC,6,PASS,경기70바5650,2,3,47,,,,
200000112,203000157,2024-04-30 08:20:46 UTC,6,PASS,경기70바3713,2,2,48,,,,
200000112,203000157,2024-04-30 07:50:39 UTC,6,PASS,경기70바5651,2,2,48,,,,
200000112,203000157,2024-04-30 08:35:37 UTC,6,PASS,경기70바5695,2,2,48,,,,
200000112,203000157,2024-05-02 08:50:39 UTC,6,PASS,경기70바3713,2,3,48,,,,
200000112,203000157,2024-05-01 07:35:37 UTC,6,PASS,경기70바5649,2,3,48,,,,
200000112,203000157,2024-05-02 08:05:37 UTC,6,PASS,경기70바5650,2,3,48,,,,
200000112,203000157,2024-04-30 08:02:37 UTC,6,PASS,경기70바5652,2,3,48,,,,
200000112,203000157,2024-05-03 09:44:37 UTC,6,PASS,경기70바5696,2,5,48,,,,
200000112,203000157,2024-05-08 09:23:48 UTC,6,PASS,경기70바5649,2,2,48,,,,
200000112,203000157,2024-05-08 09:44:38 UTC,6,PASS,경기70바5650,2,2,48,,,,
200000112,203000157,2024-05-01 08:35:37 UTC,6,PASS,경기70바3713,2,2,49,,,,
200000112,203000157,2024-04-30 09:44:37 UTC,6,PASS,경기70바5582,2,2,49,,,,
200000112,203000157,2024-05-03 08:35:37 UTC,6,PASS,경기70바5651,2,2,49,,,,
200000112,203000157,2024-05-01 08:17:37 UTC,6,PASS,경기70바5652,2,2,49,,,,
200000112,203000157,2024-05-01 08:50:39 UTC,6,PASS,경기70바5695,2,2,49,,,,
200000112,203000157,2024-05-01 09:05:37 UTC,6,PASS,경기70바5696,2,2,49,,,,
200000112,203000157,2024-05-01 07:47:36 UTC,6,PASS,경기70바5650,2,3,49,,,,
200000112,203000157,2024-05-02 09:05:37 UTC,6,PASS,경기70바5695,2,3,49,,,,
200000112,203000157,2024-04-30 08:50:38 UTC,6,PASS,경기70바5696,2,3,49,,,,
200000112,203000157,2024-05-02 09:26:38 UTC,6,PASS,경기70바5696,2,3,49,,,,
200000112,203000157,2024-05-03 08:47:37 UTC,6,PASS,경기70바5652,2,4,49,,,,
200000112,203000157,2024-05-01 08:05:37 UTC,6,PASS,경기70바5651,2,5,49,,,,
200000112,203000157,2024-05-06 09:50:40 UTC,6,PASS,경기70바3713,2,2,49,,,,
200000112,203000157,2024-05-06 07:32:38 UTC,6,PASS,경기70바5582,2,2,49,,,,
200000112,203000157,2024-05-07 07:32:38 UTC,6,PASS,경기70바5582,2,3,49,,,,
200000112,203000157,2024-05-06 08:47:38 UTC,6,PASS,경기70바5649,2,2,49,,,,
200000112,203000157,2024-05-06 08:48:38 UTC,6,PASS,경기70바5649,2,2,49,,,,
200000112,203000157,2024-05-06 09:02:37 UTC,6,PASS,경기70바5650,2,2,49,,,,
200000112,203000157,2024-05-06 09:20:40 UTC,6,PASS,경기70바5651,2,2,49,,,,
200000112,203000157,2024-05-07 09:44:41 UTC,6,PASS,경기70바5651,2,2,49,,,,
200000112,203000157,2024-05-08 07:02:53 UTC,6,PASS,경기70바5696,2,3,49,,,,
200000112,203000157,2024-05-02 07:46:37 UTC,6,PASS,경기70바5547,3,4,40,,,,
200000112,203000157,2024-05-02 07:04:37 UTC,6,PASS,경기70바5770,3,4,40,,,,
200000112,203000157,2024-05-02 07:02:37 UTC,6,PASS,경기70바5770,3,5,40,,,,
200000112,203000157,2024-05-02 07:03:37 UTC,6,PASS,경기70바5770,3,5,40,,,,
200000112,203000157,2024-05-07 07:48:38 UTC,6,PASS,경기70바5768,3,6,40,,,,
200000112,203000157,2024-05-07 07:49:39 UTC,6,PASS,경기70바5768,3,5,40,,,,
200000112,203000157,2024-05-03 07:03:38 UTC,6,PASS,경기70바5769,3,3,41,,,,
200000112,203000157,2024-05-03 07:04:37 UTC,6,PASS,경기70바5769,3,3,41,,,,
200000112,203000157,2024-05-03 07:18:36 UTC,6,PASS,경기70바5770,3,3,41,,,,
200000112,203000157,2024-04-29 09:37:36 UTC,6,PASS,경기70바5768,3,4,41,,,,
200000112,203000157,2024-05-03 07:02:37 UTC,6,PASS,경기70바5769,3,4,41,,,,
200000112,203000157,2024-05-03 07:17:37 UTC,6,PASS,경기70바5770,3,4,41,,,,
200000112,203000157,2024-05-03 07:19:37 UTC,6,PASS,경기70바5770,3,4,41,,,,
200000112,203000157,2024-04-29 09:36:37 UTC,6,PASS,경기70바5768,3,5,41,,,,
200000112,203000157,2024-04-30 09:01:37 UTC,6,PASS,경기70바5547,3,6,41,,,,
200000112,203000157,2024-04-29 09:58:36 UTC,6,PASS,경기70바5769,3,6,41,,,,
200000112,203000157,2024-05-06 07:48:37 UTC,6,PASS,경기70바5768,3,4,41,,,,
200000112,203000157,2024-05-06 07:49:38 UTC,6,PASS,경기70바5768,3,4,41,,,,
200000112,203000157,2024-05-06 07:50:40 UTC,6,PASS,경기70바5768,3,3,41,,,,
200000112,203000157,2024-05-07 08:02:38 UTC,6,PASS,경기70바5769,3,5,41,,,,
200000112,203000157,2024-05-07 08:03:38 UTC,6,PASS,경기70바5769,3,4,41,,,,
200000112,203000157,2024-05-07 08:04:38 UTC,6,PASS,경기70바5769,3,3,41,,,,
200000112,203000157,2024-05-06 08:03:38 UTC,6,PASS,경기70바5769,3,4,41,,,,
200000112,203000157,2024-05-06 08:04:38 UTC,6,PASS,경기70바5769,3,4,41,,,,
200000112,203000157,2024-05-07 08:18:38 UTC,6,PASS,경기70바5770,3,6,41,,,,
200000112,203000157,2024-05-07 08:19:38 UTC,6,PASS,경기70바5770,3,5,41,,,,
200000112,203000157,2024-05-06 08:17:38 UTC,6,PASS,경기70바5770,3,5,41,,,,
200000112,203000157,2024-05-06 08:18:38 UTC,6,PASS,경기70바5770,3,4,41,,,,
200000112,203000157,2024-05-06 08:19:37 UTC,6,PASS,경기70바5770,3,3,41,,,,
200000112,203000157,2024-05-08 08:02:38 UTC,6,PASS,경기70바5768,3,6,41,,,,
200000112,203000157,2024-05-08 08:03:38 UTC,6,PASS,경기70바5768,3,4,41,,,,
200000112,203000157,2024-05-08 08:04:39 UTC,6,PASS,경기70바5768,3,3,41,,,,
200000112,203000157,2024-05-08 08:17:38 UTC,6,PASS,경기70바5769,3,6,41,,,,
200000112,203000157,2024-05-08 08:18:38 UTC,6,PASS,경기70바5769,3,5,41,,,,
200000112,203000157,2024-05-08 08:19:38 UTC,6,PASS,경기70바5769,3,6,41,,,,
200000112,203000157,2024-05-08 08:32:38 UTC,6,PASS,경기70바5770,3,4,41,,,,
200000112,203000157,2024-05-08 08:33:38 UTC,6,PASS,경기70바5770,3,3,41,,,,
200000112,203000157,2024-05-08 08:34:39 UTC,6,PASS,경기70바5770,3,3,41,,,,
200000112,203000157,2024-05-08 07:17:38 UTC,6,PASS,경기70바5926,3,7,43,,,,
200000112,203000157,2024-05-08 07:18:38 UTC,6,PASS,경기70바5926,3,6,43,,,,
200000112,203000157,2024-05-08 07:19:39 UTC,6,PASS,경기70바5926,3,5,43,,,,
200000112,203000157,2024-05-02 09:43:38 UTC,6,PASS,경기70바5926,3,3,44,,,,
200000112,203000157,2024-04-30 07:04:37 UTC,6,PASS,경기70바5772,3,4,44,,,,
200000112,203000157,2024-05-01 09:22:37 UTC,6,PASS,경기70바5926,3,4,44,,,,
200000112,203000157,2024-05-02 09:42:37 UTC,6,PASS,경기70바5926,3,4,44,,,,
200000112,203000157,2024-04-30 07:02:37 UTC,6,PASS,경기70바5772,3,5,44,,,,
200000112,203000157,2024-04-30 07:03:36 UTC,6,PASS,경기70바5772,3,5,44,,,,
200000112,203000157,2024-05-03 07:46:37 UTC,6,PASS,경기70바5772,3,5,44,,,,
200000112,203000157,2024-05-02 09:41:37 UTC,6,PASS,경기70바5926,3,5,44,,,,
200000112,203000157,2024-05-07 07:16:37 UTC,6,PASS,경기70바5766,3,7,44,,,,
200000112,203000157,2024-05-06 07:01:39 UTC,6,PASS,경기70바5926,3,4,44,,,,
200000112,203000157,2024-05-07 07:02:38 UTC,6,PASS,경기70바5926,3,6,44,,,,
200000112,203000157,2024-05-07 07:03:38 UTC,6,PASS,경기70바5926,3,7,44,,,,
200000112,203000157,2024-05-07 07:04:38 UTC,6,PASS,경기70바5926,3,7,44,,,,
200000112,203000157,2024-05-08 07:47:38 UTC,6,PASS,경기70바5767,3,3,44,,,,
200000112,203000157,2024-05-08 07:48:38 UTC,6,PASS,경기70바5767,3,3,44,,,,
200000112,203000157,2024-05-08 07:49:38 UTC,6,PASS,경기70바5767,3,3,44,,,,
200000112,203000157,2024-04-30 09:22:37 UTC,6,PASS,경기70바5766,3,3,45,,,,
200000112,203000157,2024-05-03 07:33:36 UTC,6,PASS,경기70바5771,3,3,45,,,,
200000112,203000157,2024-05-03 07:34:37 UTC,6,PASS,경기70바5771,3,3,45,,,,
200000112,203000157,2024-04-30 09:21:36 UTC,6,PASS,경기70바5766,3,4,45,,,,
200000112,203000157,2024-05-01 07:02:37 UTC,6,PASS,경기70바5771,3,4,45,,,,
200000112,203000157,2024-05-01 07:03:36 UTC,6,PASS,경기70바5771,3,4,45,,,,
200000112,203000157,2024-05-01 07:04:37 UTC,6,PASS,경기70바5771,3,4,45,,,,
200000112,203000157,2024-05-03 07:32:37 UTC,6,PASS,경기70바5771,3,4,45,,,,
200000112,203000157,2024-05-01 07:18:37 UTC,6,PASS,경기70바5772,3,4,45,,,,
200000112,203000157,2024-05-01 07:19:36 UTC,6,PASS,경기70바5772,3,4,45,,,,
200000112,203000157,2024-05-02 07:19:37 UTC,6,PASS,경기70바5771,3,5,45,,,,
200000112,203000157,2024-05-01 07:17:37 UTC,6,PASS,경기70바5772,3,5,45,,,,
200000112,203000157,2024-05-02 07:31:38 UTC,6,PASS,경기70바5772,3,5,45,,,,
200000112,203000157,2024-05-01 09:43:38 UTC,6,PASS,경기70바5766,3,6,45,,,,
200000112,203000157,2024-05-01 09:42:37 UTC,6,PASS,경기70바5766,3,7,45,,,,
200000112,203000157,2024-05-02 07:18:37 UTC,6,PASS,경기70바5771,3,7,45,,,,
200000112,203000157,2024-05-06 07:16:37 UTC,6,PASS,경기70바5766,3,5,45,,,,
200000112,203000157,2024-05-07 08:32:39 UTC,6,PASS,경기70바5771,3,5,45,,,,
200000112,203000157,2024-05-07 08:33:38 UTC,6,PASS,경기70바5771,3,4,45,,,,
200000112,203000157,2024-05-07 08:34:38 UTC,6,PASS,경기70바5771,3,4,45,,,,
200000112,203000157,2024-05-07 08:47:38 UTC,6,PASS,경기70바5772,3,4,45,,,,
200000112,203000157,2024-05-07 08:48:38 UTC,6,PASS,경기70바5772,3,3,45,,,,
200000112,203000157,2024-05-07 08:49:45 UTC,6,PASS,경기70바5772,3,3,45,,,,
200000112,203000157,2024-05-06 08:32:39 UTC,6,PASS,경기70바5772,3,3,45,,,,
200000112,203000157,2024-05-06 08:33:37 UTC,6,PASS,경기70바5772,3,3,45,,,,
200000112,203000157,2024-05-06 08:34:38 UTC,6,PASS,경기70바5772,3,3,45,,,,
200000112,203000157,2024-05-08 07:32:37 UTC,6,PASS,경기70바5766,3,5,45,,,,
200000112,203000157,2024-05-08 07:33:38 UTC,6,PASS,경기70바5766,3,3,45,,,,
200000112,203000157,2024-05-08 07:34:39 UTC,6,PASS,경기70바5766,3,3,45,,,,
200000112,203000157,2024-05-08 08:48:10 UTC,6,PASS,경기70바5772,3,5,45,,,,
200000112,203000157,2024-05-08 08:48:38 UTC,6,PASS,경기70바5772,3,5,45,,,,
200000112,203000157,2024-05-08 08:49:38 UTC,6,PASS,경기70바5772,3,3,45,,,,
200000112,203000157,2024-05-03 09:04:37 UTC,6,PASS,경기70바3713,3,3,47,,,,
200000112,203000157,2024-05-03 09:03:37 UTC,6,PASS,경기70바3713,3,4,47,,,,
200000112,203000157,2024-05-03 09:02:37 UTC,6,PASS,경기70바3713,3,6,47,,,,
200000112,203000157,2024-05-06 09:31:40 UTC,6,PASS,경기70바5611,3,3,47,,,,
200000112,203000157,2024-05-08 09:03:10 UTC,6,PASS,경기70바5611,3,4,47,,,,
200000112,203000157,2024-05-08 09:03:47 UTC,6,PASS,경기70바5611,3,3,47,,,,
200000112,203000157,2024-05-08 09:04:41 UTC,6,PASS,경기70바5611,3,3,47,,,,
200000112,203000157,2024-05-02 08:48:37 UTC,6,PASS,경기70바3713,3,3,48,,,,
200000112,203000157,2024-05-02 08:49:38 UTC,6,PASS,경기70바3713,3,3,48,,,,
200000112,203000157,2024-05-03 08:03:37 UTC,6,PASS,경기70바5611,3,3,48,,,,
200000112,203000157,2024-05-03 08:04:37 UTC,6,PASS,경기70바5611,3,3,48,,,,
200000112,203000157,2024-04-30 07:18:37 UTC,6,PASS,경기70바5649,3,3,48,,,,
200000112,203000157,2024-05-02 08:47:37 UTC,6,PASS,경기70바3713,3,4,48,,,,
200000112,203000157,2024-05-01 07:33:36 UTC,6,PASS,경기70바5649,3,4,48,,,,
200000112,203000157,2024-05-01 07:34:36 UTC,6,PASS,경기70바5649,3,4,48,,,,
200000112,203000157,2024-04-30 07:17:36 UTC,6,PASS,경기70바5649,3,4,48,,,,
200000112,203000157,2024-05-03 09:23:37 UTC,6,PASS,경기70바5695,3,4,48,,,,
200000112,203000157,2024-05-03 08:02:37 UTC,6,PASS,경기70바5611,3,5,48,,,,
200000112,203000157,2024-05-01 07:32:37 UTC,6,PASS,경기70바5649,3,5,48,,,,
200000112,203000157,2024-04-30 07:19:37 UTC,6,PASS,경기70바5649,3,5,48,,,,
200000112,203000157,2024-04-30 08:32:37 UTC,6,PASS,경기70바5695,3,5,48,,,,
200000112,203000157,2024-04-30 08:33:36 UTC,6,PASS,경기70바5695,3,5,48,,,,
200000112,203000157,2024-04-30 08:34:37 UTC,6,PASS,경기70바5695,3,5,48,,,,
200000112,203000157,2024-05-02 08:31:37 UTC,6,PASS,경기70바5652,3,7,48,,,,
200000112,203000157,2024-05-01 09:04:37 UTC,6,PASS,경기70바5696,3,2,49,,,,
200000112,203000157,2024-04-30 08:18:37 UTC,6,PASS,경기70바3713,3,3,49,,,,
200000112,203000157,2024-04-30 08:19:36 UTC,6,PASS,경기70바3713,3,3,49,,,,
200000112,203000157,2024-05-01 08:33:36 UTC,6,PASS,경기70바3713,3,3,49,,,,
200000112,203000157,2024-05-01 08:34:37 UTC,6,PASS,경기70바3713,3,3,49,,,,
200000112,203000157,2024-04-30 07:33:37 UTC,6,PASS,경기70바5650,3,3,49,,,,
200000112,203000157,2024-04-30 07:34:37 UTC,6,PASS,경기70바5650,3,3,49,,,,
200000112,203000157,2024-05-02 08:04:37 UTC,6,PASS,경기70바5650,3,3,49,,,,
200000112,203000157,2024-04-30 07:48:37 UTC,6,PASS,경기70바5651,3,3,49,,,,
200000112,203000157,2024-04-30 07:49:36 UTC,6,PASS,경기70바5651,3,3,49,,,,
200000112,203000157,2024-05-01 08:04:36 UTC,6,PASS,경기70바5651,3,3,49,,,,
200000112,203000157,2024-05-03 08:33:37 UTC,6,PASS,경기70바5651,3,3,49,,,,
200000112,203000157,2024-05-03 08:34:37 UTC,6,PASS,경기70바5651,3,3,49,,,,
200000112,203000157,2024-05-01 08:48:38 UTC,6,PASS,경기70바5695,3,3,49,,,,
200000112,203000157,2024-05-01 08:49:38 UTC,6,PASS,경기70바5695,3,3,49,,,,
200000112,203000157,2024-05-01 09:03:37 UTC,6,PASS,경기70바5696,3,3,49,,,,
200000112,203000157,2024-04-29 08:01:37 UTC,6,PASS,경기70바3713,3,4,49,,,,
200000112,203000157,2024-04-30 08:17:36 UTC,6,PASS,경기70바3713,3,4,49,,,,
200000112,203000157,2024-04-30 09:43:37 UTC,6,PASS,경기70바5582,3,4,49,,,,
200000112,203000157,2024-04-30 07:32:37 UTC,6,PASS,경기70바5650,3,4,49,,,,
200000112,203000157,2024-05-02 08:03:37 UTC,6,PASS,경기70바5650,3,4,49,,,,
200000112,203000157,2024-05-03 08:18:37 UTC,6,PASS,경기70바5650,3,4,49,,,,
200000112,203000157,2024-05-03 08:19:37 UTC,6,PASS,경기70바5650,3,4,49,,,,
200000112,203000157,2024-04-30 07:47:36 UTC,6,PASS,경기70바5651,3,4,49,,,,
200000112,203000157,2024-05-02 08:18:37 UTC,6,PASS,경기70바5651,3,4,49,,,,
200000112,203000157,2024-05-02 08:19:37 UTC,6,PASS,경기70바5651,3,4,49,,,,
200000112,203000157,2024-05-01 08:03:37 UTC,6,PASS,경기70바5651,3,4,49,,,,
200000112,203000157,2024-05-03 08:32:37 UTC,6,PASS,경기70바5651,3,4,49,,,,
200000112,203000157,2024-05-01 08:16:37 UTC,6,PASS,경기70바5652,3,4,49,,,,
200000112,203000157,2024-05-03 08:46:38 UTC,6,PASS,경기70바5652,3,4,49,,,,
200000112,203000157,2024-05-01 08:47:37 UTC,6,PASS,경기70바5695,3,4,49,,,,
200000112,203000157,2024-05-02 09:03:37 UTC,6,PASS,경기70바5695,3,4,49,,,,
200000112,203000157,2024-05-02 09:04:37 UTC,6,PASS,경기70바5695,3,4,49,,,,
200000112,203000157,2024-04-30 08:49:37 UTC,6,PASS,경기70바5696,3,4,49,,,,
200000112,203000157,2024-05-02 09:25:37 UTC,6,PASS,경기70바5696,3,4,49,,,,
200000112,203000157,2024-04-30 09:42:45 UTC,6,PASS,경기70바5582,3,5,49,,,,
200000112,203000157,2024-05-01 07:46:37 UTC,6,PASS,경기70바5650,3,5,49,,,,
200000112,203000157,2024-05-03 08:17:37 UTC,6,PASS,경기70바5650,3,5,49,,,,
200000112,203000157,2024-05-02 08:17:37 UTC,6,PASS,경기70바5651,3,5,49,,,,
200000112,203000157,2024-05-01 08:02:36 UTC,6,PASS,경기70바5651,3,5,49,,,,
200000112,203000157,2024-05-02 09:02:39 UTC,6,PASS,경기70바5695,3,5,49,,,,
200000112,203000157,2024-05-02 09:24:37 UTC,6,PASS,경기70바5696,3,5,49,,,,
200000112,203000157,2024-05-01 08:32:37 UTC,6,PASS,경기70바3713,3,6,49,,,,
200000112,203000157,2024-05-02 08:02:37 UTC,6,PASS,경기70바5650,3,6,49,,,,
200000112,203000157,2024-04-30 08:01:36 UTC,6,PASS,경기70바5652,3,6,49,,,,
200000112,203000157,2024-05-03 09:22:39 UTC,6,PASS,경기70바5695,3,6,49,,,,
200000112,203000157,2024-05-02 09:23:37 UTC,6,PASS,경기70바5696,3,6,49,,,,
200000112,203000157,2024-05-03 09:43:37 UTC,6,PASS,경기70바5696,3,6,49,,,,
200000112,203000157,2024-04-30 08:00:39 UTC,6,PASS,경기70바5652,3,7,49,,,,
200000112,203000157,2024-04-30 08:48:37 UTC,6,PASS,경기70바5696,3,8,49,,,,
200000112,203000157,2024-05-06 09:47:37 UTC,6,PASS,경기70바3713,3,5,49,,,,
200000112,203000157,2024-05-06 09:48:38 UTC,6,PASS,경기70바3713,3,4,49,,,,
200000112,203000157,2024-05-06 09:49:38 UTC,6,PASS,경기70바3713,3,3,49,,,,
200000112,203000157,2024-05-07 07:31:39 UTC,6,PASS,경기70바5582,3,5,49,,,,
200000112,203000157,2024-05-06 09:01:39 UTC,6,PASS,경기70바5650,3,3,49,,,,
200000112,203000157,2024-05-06 09:17:39 UTC,6,PASS,경기70바5651,3,5,49,,,,
200000112,203000157,2024-05-06 09:18:38 UTC,6,PASS,경기70바5651,3,4,49,,,,
200000112,203000157,2024-05-06 09:19:37 UTC,6,PASS,경기70바5651,3,3,49,,,,
200000112,203000157,2024-05-07 09:02:38 UTC,6,PASS,경기70바5649,3,4,49,,,,
200000112,203000157,2024-05-07 09:03:38 UTC,6,PASS,경기70바5649,3,3,49,,,,
200000112,203000157,2024-05-07 09:04:38 UTC,6,PASS,경기70바5649,3,3,49,,,,
200000112,203000157,2024-05-07 09:21:39 UTC,6,PASS,경기70바5650,3,6,49,,,,
200000112,203000157,2024-05-07 09:22:38 UTC,6,PASS,경기70바5650,3,5,49,,,,
200000112,203000157,2024-05-07 09:42:38 UTC,6,PASS,경기70바5651,3,3,49,,,,
200000112,203000157,2024-05-07 09:43:38 UTC,6,PASS,경기70바5651,3,3,49,,,,
200000112,203000157,2024-05-08 07:01:40 UTC,6,PASS,경기70바5696,3,5,49,,,,
200000112,203000157,2024-05-08 09:23:10 UTC,6,PASS,경기70바5649,3,3,49,,,,
200000112,203000157,2024-05-08 09:41:40 UTC,6,PASS,경기70바5650,3,6,49,,,,
200000112,203000157,2024-05-08 09:42:38 UTC,6,PASS,경기70바5650,3,5,49,,,,
200000112,203000157,2024-05-08 09:43:38 UTC,6,PASS,경기70바5650,3,3,49,,,,
200000112,203000157,2024-05-07 07:47:38 UTC,6,PASS,경기70바5768,4,7,40,,,,
200000112,203000157,2024-05-03 07:01:36 UTC,6,PASS,경기70바5769,4,5,41,,,,
200000112,203000157,2024-04-29 09:35:36 UTC,6,PASS,경기70바5768,4,6,41,,,,
200000112,203000157,2024-05-02 07:01:40 UTC,6,PASS,경기70바5770,4,6,41,,,,
200000112,203000157,2024-05-06 07:47:38 UTC,6,PASS,경기70바5768,4,5,41,,,,
200000112,203000157,2024-05-07 08:01:40 UTC,6,PASS,경기70바5769,4,6,41,,,,
200000112,203000157,2024-05-06 08:02:38 UTC,6,PASS,경기70바5769,4,5,41,,,,
200000112,203000157,2024-05-08 08:01:40 UTC,6,PASS,경기70바5768,4,7,41,,,,
200000112,203000157,2024-05-08 07:16:39 UTC,6,PASS,경기70바5926,4,5,43,,,,
200000112,203000157,2024-05-07 07:01:39 UTC,6,PASS,경기70바5926,4,7,44,,,,
200000112,203000157,2024-05-08 07:46:39 UTC,6,PASS,경기70바5767,4,4,44,,,,
200000112,203000157,2024-04-30 09:20:38 UTC,6,PASS,경기70바5766,4,5,45,,,,
200000112,203000157,2024-05-02 07:30:38 UTC,6,PASS,경기70바5772,4,7,45,,,,
200000112,203000157,2024-05-02 07:17:37 UTC,6,PASS,경기70바5771,4,8,45,,,,
200000112,203000157,2024-05-06 07:15:38 UTC,6,PASS,경기70바5766,4,6,45,,,,
200000112,203000157,2024-05-07 07:15:39 UTC,6,PASS,경기70바5766,4,8,45,,,,
200000112,203000157,2024-05-07 08:46:39 UTC,6,PASS,경기70바5772,4,6,45,,,,
200000112,203000157,2024-05-08 08:46:51 UTC,6,PASS,경기70바5772,4,5,45,,,,
200000112,203000157,2024-05-06 09:30:40 UTC,6,PASS,경기70바5611,4,5,47,,,,
200000112,203000157,2024-05-03 08:01:37 UTC,6,PASS,경기70바5611,4,5,48,,,,
200000112,203000157,2024-05-01 07:31:37 UTC,6,PASS,경기70바5649,4,6,48,,,,
200000112,203000157,2024-04-30 08:31:40 UTC,6,PASS,경기70바5695,4,6,48,,,,
200000112,203000157,2024-05-03 09:01:37 UTC,6,PASS,경기70바3713,4,7,48,,,,
200000112,203000157,2024-05-02 08:30:39 UTC,6,PASS,경기70바5652,4,8,48,,,,
200000112,203000157,2024-04-29 07:01:37 UTC,6,PASS,경기70바5649,4,4,49,,,,
200000112,203000157,2024-05-01 09:02:37 UTC,6,PASS,경기70바5696,4,4,49,,,,
200000112,203000157,2024-04-30 08:16:37 UTC,6,PASS,경기70바3713,4,5,49,,,,
200000112,203000157,2024-04-30 07:31:36 UTC,6,PASS,경기70바5650,4,5,49,,,,
200000112,203000157,2024-05-03 08:16:37 UTC,6,PASS,경기70바5650,4,5,49,,,,
200000112,203000157,2024-04-30 07:46:37 UTC,6,PASS,경기70바5651,4,5,49,,,,
200000112,203000157,2024-05-01 08:15:37 UTC,6,PASS,경기70바5652,4,5,49,,,,
200000112,203000157,2024-05-03 08:45:37 UTC,6,PASS,경기70바5652,4,5,49,,,,
200000112,203000157,2024-05-02 09:22:37 UTC,6,PASS,경기70바5696,4,5,49,,,,
200000112,203000157,2024-05-01 08:31:37 UTC,6,PASS,경기70바3713,4,6,49,,,,
200000112,203000157,2024-04-30 09:41:37 UTC,6,PASS,경기70바5582,4,6,49,,,,
200000112,203000157,2024-04-30 07:16:37 UTC,6,PASS,경기70바5649,4,6,49,,,,
200000112,203000157,2024-05-02 08:01:36 UTC,6,PASS,경기70바5650,4,6,49,,,,
200000112,203000157,2024-05-02 08:16:37 UTC,6,PASS,경기70바5651,4,7,49,,,,
200000112,203000157,2024-04-30 08:47:36 UTC,6,PASS,경기70바5696,4,9,49,,,,
200000112,203000157,2024-05-03 09:42:37 UTC,6,PASS,경기70바5696,4,9,49,,,,
200000112,203000157,2024-05-06 07:31:39 UTC,6,PASS,경기70바5582,4,4,49,,,,
200000112,203000157,2024-05-07 07:30:41 UTC,6,PASS,경기70바5582,4,6,49,,,,
200000112,203000157,2024-05-06 08:46:38 UTC,6,PASS,경기70바5649,4,4,49,,,,
200000112,203000157,2024-05-06 09:16:39 UTC,6,PASS,경기70바5651,4,6,49,,,,
200000112,203000157,2024-05-07 09:01:40 UTC,6,PASS,경기70바5649,4,5,49,,,,
200000112,203000157,2024-05-07 09:20:41 UTC,6,PASS,경기70바5650,4,7,49,,,,
200000112,203000157,2024-05-07 09:41:40 UTC,6,PASS,경기70바5651,4,4,49,,,,
200000112,203000157,2024-05-08 09:21:40 UTC,6,PASS,경기70바5649,4,5,49,,,,
200000112,203000157,2024-05-02 07:45:37 UTC,6,PASS,경기70바5547,5,5,40,,,,
200000112,203000157,2024-05-07 07:46:38 UTC,6,PASS,경기70바5768,5,8,40,,,,
200000112,203000157,2024-05-03 07:16:37 UTC,6,PASS,경기70바5770,5,5,41,,,,
200000112,203000157,2024-04-30 09:00:38 UTC,6,PASS,경기70바5547,5,6,41,,,,
200000112,203000157,2024-05-03 07:15:37 UTC,6,PASS,경기70바5770,5,6,41,,,,
200000112,203000157,2024-04-29 09:57:38 UTC,6,PASS,경기70바5769,5,7,41,,,,
200000112,203000157,2024-05-03 07:00:40 UTC,6,PASS,경기70바5769,5,7,41,,,,
200000112,203000157,2024-05-06 07:46:37 UTC,6,PASS,경기70바5768,5,6,41,,,,
200000112,203000157,2024-05-06 08:01:39 UTC,6,PASS,경기70바5769,5,6,41,,,,
200000112,203000157,2024-05-07 08:00:40 UTC,6,PASS,경기70바5769,5,6,41,,,,
200000112,203000157,2024-05-07 08:16:37 UTC,6,PASS,경기70바5770,5,9,41,,,,
200000112,203000157,2024-05-07 08:17:38 UTC,6,PASS,경기70바5770,5,7,41,,,,
200000112,203000157,2024-05-06 08:16:40 UTC,6,PASS,경기70바5770,5,6,41,,,,
200000112,203000157,2024-05-06 08:16:40 UTC,6,PASS,경기70바5770,5,6,41,,,,
200000112,203000157,2024-05-08 08:15:38 UTC,6,PASS,경기70바5769,5,6,41,,,,
200000112,203000157,2024-05-08 08:16:38 UTC,6,PASS,경기70바5769,5,6,41,,,,
200000112,203000157,2024-05-08 08:31:39 UTC,6,PASS,경기70바5770,5,5,41,,,,
200000112,203000157,2024-05-08 07:15:39 UTC,6,PASS,경기70바5926,5,6,43,,,,
200000112,203000157,2024-04-30 07:01:37 UTC,6,PASS,경기70바5772,5,6,44,,,,
200000112,203000157,2024-05-03 07:45:37 UTC,6,PASS,경기70바5772,5,6,44,,,,
200000112,203000157,2024-05-01 09:21:36 UTC,6,PASS,경기70바5926,5,6,44,,,,
200000112,203000157,2024-05-02 09:40:39 UTC,6,PASS,경기70바5926,5,6,44,,,,
200000112,203000157,2024-05-07 07:00:42 UTC,6,PASS,경기70바5926,5,8,44,,,,
200000112,203000157,2024-05-08 07:45:38 UTC,6,PASS,경기70바5767,5,5,44,,,,
200000112,203000157,2024-04-30 09:19:36 UTC,6,PASS,경기70바5766,5,6,45,,,,
200000112,203000157,2024-05-01 07:01:37 UTC,6,PASS,경기70바5771,5,6,45,,,,
200000112,203000157,2024-05-03 07:31:38 UTC,6,PASS,경기70바5771,5,6,45,,,,
200000112,203000157,2024-05-01 07:16:37 UTC,6,PASS,경기70바5772,5,6,45,,,,
200000112,203000157,2024-05-02 07:16:37 UTC,6,PASS,경기70바5771,5,8,45,,,,
200000112,203000157,2024-05-02 07:29:37 UTC,6,PASS,경기70바5772,5,8,45,,,,
200000112,203000157,2024-05-01 09:41:37 UTC,6,PASS,경기70바5766,5,9,45,,,,
200000112,203000157,2024-05-06 07:14:38 UTC,6,PASS,경기70바5766,5,6,45,,,,
200000112,203000157,2024-05-07 07:14:38 UTC,6,PASS,경기70바5766,5,9,45,,,,
200000112,203000157,2024-05-07 08:31:40 UTC,6,PASS,경기70바5771,5,6,45,,,,
200000112,203000157,2024-05-07 08:45:39 UTC,6,PASS,경기70바5772,5,7,45,,,,
200000112,203000157,2024-05-06 08:31:40 UTC,6,PASS,경기70바5772,5,4,45,,,,
200000112,203000157,2024-05-08 07:31:39 UTC,6,PASS,경기70바5766,5,6,45,,,,
200000112,203000157,2024-05-08 08:46:38 UTC,6,PASS,경기70바5772,5,6,45,,,,
200000112,203000157,2024-05-02 08:46:37 UTC,6,PASS,경기70바3713,5,5,48,,,,
200000112,203000157,2024-04-30 08:30:38 UTC,6,PASS,경기70바5695,5,5,48,,,,
200000112,203000157,2024-05-01 07:30:39 UTC,6,PASS,경기70바5649,5,6,48,,,,
200000112,203000157,2024-05-03 08:00:39 UTC,6,PASS,경기70바5611,5,9,48,,,,
200000112,203000157,2024-05-02 08:29:37 UTC,6,PASS,경기70바5652,5,9,48,,,,
200000112,203000157,2024-05-07 09:59:37 UTC,6,PASS,경기70바5652,5,6,48,,,,
200000112,203000157,2024-05-03 08:31:37 UTC,6,PASS,경기70바5651,5,5,49,,,,
200000112,203000157,2024-05-01 09:01:37 UTC,6,PASS,경기70바5696,5,5,49,,,,
200000112,203000157,2024-04-30 08:15:44 UTC,6,PASS,경기70바3713,5,6,49,,,,
200000112,203000157,2024-04-30 09:40:39 UTC,6,PASS,경기70바5582,5,6,49,,,,
200000112,203000157,2024-05-01 07:45:37 UTC,6,PASS,경기70바5650,5,6,49,,,,
200000112,203000157,2024-05-03 08:15:37 UTC,6,PASS,경기70바5650,5,6,49,,,,
200000112,203000157,2024-05-03 08:15:40 UTC,6,PASS,경기70바5650,5,6,49,,,,
200000112,203000157,2024-05-01 08:00:38 UTC,6,PASS,경기70바5651,5,6,49,,,,
200000112,203000157,2024-04-30 07:45:36 UTC,6,PASS,경기70바5651,5,6,49,,,,
200000112,203000157,2024-05-01 08:01:37 UTC,6,PASS,경기70바5651,5,6,49,,,,
200000112,203000157,2024-05-01 08:14:37 UTC,6,PASS,경기70바5652,5,6,49,,,,
200000112,203000157,2024-05-01 08:46:37 UTC,6,PASS,경기70바5695,5,6,49,,,,
200000112,203000157,2024-04-30 07:15:37 UTC,6,PASS,경기70바5649,5,7,49,,,,
200000112,203000157,2024-04-30 07:30:39 UTC,6,PASS,경기70바5650,5,7,49,,,,
200000112,203000157,2024-05-02 09:01:38 UTC,6,PASS,경기70바5695,5,7,49,,,,
200000112,203000157,2024-05-03 09:21:37 UTC,6,PASS,경기70바5695,5,7,49,,,,
200000112,203000157,2024-05-01 09:59:38 UTC,6,PASS,경기70바5582,5,8,49,,,,
200000112,203000157,2024-05-02 08:15:38 UTC,6,PASS,경기70바5651,5,8,49,,,,
200000112,203000157,2024-04-30 07:59:37 UTC,6,PASS,경기70바5652,5,8,49,,,,
200000112,203000157,2024-05-03 08:44:37 UTC,6,PASS,경기70바5652,5,8,49,,,,
200000112,203000157,2024-05-03 09:41:37 UTC,6,PASS,경기70바5696,5,10,49,,,,
200000112,203000157,2024-05-06 09:46:38 UTC,6,PASS,경기70바3713,5,6,49,,,,
200000112,203000157,2024-05-06 07:30:40 UTC,6,PASS,경기70바5582,5,5,49,,,,
200000112,203000157,2024-05-07 09:00:41 UTC,6,PASS,경기70바5649,5,6,49,,,,
200000112,203000157,2024-05-06 08:45:38 UTC,6,PASS,경기70바5649,5,5,49,,,,
200000112,203000157,2024-05-06 09:00:40 UTC,6,PASS,경기70바5650,5,5,49,,,,
200000112,203000157,2024-05-08 07:00:42 UTC,6,PASS,경기70바5696,5,6,49,,,,
200000112,203000157,2024-05-08 09:20:50 UTC,6,PASS,경기70바5649,5,6,49,,,,
200000112,203000157,2024-05-08 09:40:56 UTC,6,PASS,경기70바5650,5,6,49,,,,
