year_month,manage_city,bus_type,station_id,station_no,station_name,pass_route_cnt
2023,수원시,일반,202000229,3019,고등동행정복지센터.수원역푸르지오자이,1
2023,수원시,일반,201000396,2895,대명고등학교,3
2023,수원시,일반,203000016,4193,잠원초등학교,1
2023,수원시,일반,202000092,3172,월드메르디앙,2
2023,수원시,일반,201000096,2028,호매실쌍용아파트,6
2023,수원시,일반,201000240,2011,당수동인정.한라.쌍용아파트,2
2023,수원시,일반,201000477,2969,수원아이파크5단지.곡정초등학교,2
2023,수원시,일반,201000244,2002,LG빌리지2차.호매실역서희스타힐스,11
2023,수원시,일반,201000254,2136,서둔동주민센터,3
2023,수원시,일반,201000265,2860,권선초등학교,3
2023,수원시,일반,201000417,2916,칠보마을7단지,1
2023,수원시,일반,202000021,3089,수원시청역2번출구.벽산그랜드코아,8
2023,수원시,일반,202000035,3084,수원시글로벌평생학습관.우만주공아파트,6
2023,수원시,일반,201000210,2267,평생교육학습관.남수원중학교,10
2023,수원시,일반,201000209,2266,평생교육학습관.남수원중학교.온수골,10
2023,수원시,일반,201000219,2084,한봄고등학교,1
2023,수원시,일반,203000258,4208,구매탄시장입구.현대힐스테이트아파트,15
2023,수원시,일반,203000345,4325,망포역4번출구.영통2동행정복지센터,21
2023,수원시,일반,201000459,2945,서수원레이크푸르지오1단지,2
2023,수원시,일반,203000451,4130,SK아파트,4
2023,수원시,일반,200000054,1141,수성중학교.영화동행정복지센터,1
2023,수원시,일반,200000297,1274,상률초교.밤꽃마을뜨란채아파트,1
2023,수원시,일반,201000360,2863,홈플러스서수원점,11
2023,수원시,일반,201000368,2334,상고렴사거리.수원아이파크시티4단지,4
2023,수원시,일반,201000364,2874,고색체육공원,1
2023,수원시,일반,200000126,1080,북수원시장입구,3
2023,수원시,일반,200000146,1091,삼익아파트.광교산입구,18
2023,수원시,일반,200000150,1211,로얄팰리스,3
2023,수원시,일반,200000064,1122,상공회의소,6
2023,수원시,일반,200000081,1134,수원KT위즈파크.수원종합운동장,3
2023,수원시,일반,203000112,4038,매탄공원,4
2023,수원시,일반,203000134,4036,중흥S클래스.자연앤자이아파트,3
2023,수원시,일반,203000147,4090,동수원LG빌리지3단지.삼정라츠.늘푸린벽산,18
2023,수원시,일반,203000184,4204,삼성DigitalCity홍보관,1
2023,수원시,일반,203000224,4230,힐스테이트영통,3
2023,수원시,일반,203000282,4272,이의초중고교.광교호수마을호반써밋,2
2023,수원시,일반,202000209,3055,수원중고교.연향아파트,8
2023,수원시,일반,201000163,2066,오목천동삼거리.수원여대입구,10
2023,수원시,일반,202000065,3085,동부지구대.수원시장기요양지원센터.수병원,2
2023,수원시,일반,202000071,3075,국제사이버대학교.인계사거리,3
2023,수원시,일반,202000074,3112,임광아파트.야외음악당,8
2023,수원시,일반,202000073,3132,아주대입구.우리은행,27
2023,수원시,일반,201000175,2040,호매실GS아파트,1
2023,수원시,일반,201000176,2035,신미주아파트,1
2023,수원시,일반,201000059,2154,가게앞.평동,1
2023,수원시,일반,201000075,2199,전원아파트.한라녹턴아파트,1
2023,수원시,일반,201000082,2202,삼익아파트,2
2023,수원시,일반,201000083,2187,정조사거리,1
2023,수원시,일반,202000248,3058,화성행궁.여민각,3
2023,수원시,일반,203000004,4153,청명대우아파트,1
2023,수원시,일반,200000196,1103,한국가스안전공사,16
2023,수원시,일반,203000185,4203,삼성DigitalCity홍보관,1
2023,수원시,일반,203000281,4276,수원고등법원.수원고등검찰청.광교호수공원,2
2023,수원시,일반,203000299,4285,합동신학대학원.광교두산위브,4
2023,수원시,일반,203000152,4206,영통아이파크캐슬1단지.래미안영통마크원2단지,15
2023,수원시,일반,203000170,4041,아주대병원,7
2023,수원시,일반,203000293,4374,국토지리정보원.중앙기독초교.경기혈액원,2
2023,수원시,일반,200000006,1197,광교공원.경기대수원캠퍼스입구.연무시장,5
2023,수원시,일반,203000157,4129,살구골동아아파트,12
2023,수원시,일반,203000168,4117,교통공원,5
2023,수원시,일반,203000176,4180,남부경찰서.성일아파트,13
2023,수원시,일반,203000053,4192,대광빌리지,4
2023,수원시,일반,202000040,3094,뉴코아아울렛.중소기업은행,4
2023,수원시,일반,200000014,1149,상광교신다리.광교로컬푸드직매장,1
2023,수원시,일반,201000563,2344,오목호수공원.서희스타힐즈,1
2023,수원시,일반,200000012,1159,용머리앞,1
2023,수원시,일반,200000027,1006,율전초교,1
2023,수원시,일반,203000221,4215,영통아이파크캐슬1단지,3
2023,수원시,일반,202000011,3097,중소기업은행,12
2023,수원시,일반,201000593,2986,수원역환승센터(7승강장),1
2023,수원시,일반,201000598,2991,수원역환승센터(12승강장),3
2023,수원시,일반,201000135,2114,탑골1길,2
2023,수원시,일반,201000150,2023,칠보중.칠보고교.중촌초교,6
2023,수원시,일반,203000076,4161,청명역6번출구.황골주공1단지,8
2023,수원시,일반,201000042,2208,권선중학교,4
2023,수원시,일반,200000179,1181,수원북중학교.수원농생고,4
2023,수원시,일반,203000142,4106,벽적골주공아파트,8
2023,수원시,일반,200000165,1070,이목동차고지.이목동입구,11
2023,수원시,일반,200000171,1167,광교산종점,1
2023,수원시,일반,201000022,2131,삼성큰병원.대원.거산아파트,27
2023,수원시,일반,201000023,2124,고색역.고색초교.태산아파트,30
2023,수원시,일반,201000032,2130,더함파크,13
2023,수원시,일반,203000424,4411,수원시도시안전통합센터,3
2023,수원시,일반,202000094,3177,숙지중고교.서호공원,4
2023,수원시,일반,202000054,3095,여권민원실.풍림아파트,11
2023,수원시,일반,202000102,3192,매교역6번출구.문화맨션,8
2023,수원시,일반,203000310,4288,광교호반마을21단지,6
2023,수원시,일반,203000327,4305,광교오드카운티,5
2023,수원시,일반,203000020,4052,광교중흥S클래스,2
2023,수원시,일반,203000030,4051,삼성아파트,1
2023,수원시,일반,203000036,4031,경기대후문,2
2023,수원시,일반,201000106,2281,구운동하이마트,6
2023,수원시,일반,203000399,4396,광교중앙.경기도청.아주대역환승센터,15
2023,수원시,일반,203000321,4347,경기도청.연무중학교.써밋플레이스광교,2
2023,수원시,일반,203000351,4331,경기중앙지방변호사회관.수원지방법원,12
2023,수원시,일반,203000354,4332,동수원세무소.영통역2번출구,8
2023,수원시,일반,203000384,4369,신동단독택지,4
2023,수원시,일반,202000240,3001,화서역.화서2동주민센터,5
2023,수원시,일반,201000171,2110,구운중학교,10
2023,수원시,일반,202000063,3071,인계사거리,4
2023,수원시,일반,202000069,3136,수원고용복지플러스센터.동수원사거리.삼성생명,3
2023,수원시,일반,201000177,2031,호매실쌍용아파트,1
2023,수원시,일반,201000224,2859,세곡사거리.힐스테이트푸르지오1단지,2
2023,수원시,일반,201000313,2831,권선구청,1
2023,수원시,일반,201000404,2903,호매실동차고지,3
2023,수원시,일반,201000412,2911,모아미래도아파트.호매실역서희스타힐스,10
2023,수원시,일반,201000228,2164,수원역센트럴어반시티.세류동성당,1
2023,수원시,일반,201000414,2913,금곡동행정복지센터.호매실파출소,8
2023,수원시,일반,201000410,2909,수원시보훈회관.호매실마을13단지,10
2023,수원시,일반,201000416,2915,칠보마을7단지,1
2023,수원시,일반,200000305,1279,삼성1차아파트,7
2023,수원시,일반,200000306,1420,보훈복지타운아파트,1
2023,수원시,일반,201000352,2851,들바람공원,2
2023,수원시,일반,201000353,2853,들바람공원,2
2023,수원시,일반,201000073,2027,큰갓띠,1
2023,수원시,일반,201000094,2037,칠보초등학교,5
2023,수원시,일반,203000002,3166,동수원우체국.인계래미안노블클래스,4
2023,수원시,일반,203000339,4318,수원광교박물관.광교이마트,4
2023,수원시,일반,203000054,4109,무궁화전자,4
2023,수원시,일반,203000049,4191,대광빌리지,4
2023,수원시,일반,200000148,1067,지지대교차로,4
2023,수원시,일반,200000154,1110,만석공원테니스장,6
2023,수원시,일반,200000116,1087,동신아파트,7
2023,수원시,일반,200000093,1224,KT수원지사.국민연금북수원지사,19
2023,수원시,일반,200000112,1092,장안고등학교,3
2023,수원시,일반,200000139,1143,장안문,19
2023,수원시,일반,200000138,1214,로얄팰리스,3
2023,수원시,일반,200000068,1002,율전중학교,1
2023,수원시,일반,200000083,1174,교육청사거리,2
2023,수원시,일반,200000122,1219,수원미술전시관.만석공원,3
2023,수원시,일반,200000109,1065,동남보건대학,6
2023,수원시,일반,200000120,1086,동신아파트,7
2023,수원시,일반,201000589,2982,수원역환승센터(3승강장),2
2023,수원시,일반,201000071,2356,수원하늘채더퍼스트아파트입구,2
2023,수원시,일반,203000141,4096,우성아파트,8
2023,수원시,일반,200000185,1128,수원KT위즈파크.행정동우회관.경기도남부자치경찰위원회,16
2023,수원시,일반,200000251,1245,수원고용노동청,4
2023,수원시,일반,201000076,2044,입북동입구,3
2023,수원시,일반,201000185,2950,입북동삼거리,1
2023,수원시,일반,201000478,2970,수원아이파크5단지.곡정초등학교,2
2023,수원시,일반,200000036,1097,풍림아파트입구,1
2023,수원시,일반,202000003,3081,수원시청.수원일자리센터,6
2023,수원시,일반,201000597,2990,수원역환승센터(11승강장),1
2023,수원시,일반,200000013,1156,용머리다리,1
2023,수원시,일반,200000017,1166,광교산,1
2023,수원시,일반,200000029,1005,동문굿모닝힐.율전이안아파트,1
2023,수원시,일반,202000009,3100,수원시청역10번출구.국민연금공단.경인일보,5
2023,수원시,일반,202000095,3178,숙지중고교.서호공원,4
2023,수원시,일반,200000022,1058,정자동성당,1
2023,수원시,일반,202000018,3104,현대힐스테이트.인계삼성아파트,7
2023,수원시,일반,201000146,2041,칠보입구,5
2023,수원시,일반,201000142,2140,서호중학교,2
2023,수원시,일반,201000016,2058,오목천동태산아파트.서희스타힐스,12
2023,수원시,일반,200000175,1157,용머리다리,1
2023,수원시,일반,203000241,4250,원천삼성1차아파트.삼일교회,1
2023,수원시,일반,200000167,1189,연무시장입구.연무동문화센터,3
2023,수원시,일반,200000177,1151,장안문,4
2023,수원시,일반,201000587,2980,수원역환승센터(1승강장),5
2023,수원시,일반,201000145,2221,수원버스터미널,4
2023,수원시,일반,201000181,2022,모아미래도아파트.호매실더센트라고아파트,2
2023,수원시,일반,203000238,4245,삼성전자소재연구단지,1
2023,수원시,일반,203000086,4050,한국2차아파트,4
2023,수원시,일반,203000099,4006,그린빌주공5단지,3
2023,수원시,일반,203000120,4169,황골벽산아파트,12
2023,수원시,일반,203000129,4013,매탄우남아파트,3
2023,수원시,일반,203000187,4198,삼성DigitalCity동문,1
2023,수원시,일반,203000262,4261,광교초등학교.광교홍재도서관,3
2023,수원시,일반,202000052,3137,녹산문고앞,22
2023,수원시,일반,202000060,3067,창룡문.연무대,6
2023,수원시,일반,202000107,3197,일월수목원.일월도서관.율천고,1
2023,수원시,일반,203000344,4323,광교중학교.광교e편한세상2차,2
2023,수원시,일반,203000352,4342,광교에일린의뜰.광교호수공원,2
2023,수원시,일반,203000385,4370,신동단독택지,4
2023,수원시,일반,201000476,2968,세지로,1
2023,수원시,일반,203000285,4134,광교휴먼시아32단지정문,13
2023,수원시,일반,203000291,4372,광교호반베르디움,1
2023,수원시,일반,203000165,4181,경기대수원캠퍼스후문.수원박물관,17
2023,수원시,일반,202000211,3026,고등동사거리.고등동행정복지센터,18
2023,수원시,일반,202000237,3149,진흥아파트,1
2023,수원시,일반,201000172,2103,탑동초등학교.삼성아파트,10
2023,수원시,일반,202000077,3145,권선초교,3
2023,수원시,일반,201000048,2165,세류중학교.아세아시멘트,10
2023,수원시,일반,201000060,2151,평동,1
2023,수원시,일반,201000067,2149,평동행정복지센터,1
2023,수원시,일반,201000074,2198,전원아파트.한라녹턴아파트,1
2023,수원시,일반,201000003,2234,권선사거리.SK뷰아파트,3
2023,수원시,일반,201000002,2228,세권사거리,3
2023,수원시,일반,201000261,0,당수지구상업부지(예정),3
2023,수원시,일반,201000544,2167,평동동남아파트,1
2023,수원시,일반,201000590,2983,수원역환승센터(4승강장),5
2023,수원시,일반,201000592,2985,수원역환승센터(6승강장),3
2023,수원시,일반,201000033,2129,더함파크,13
2023,수원시,일반,201000218,2095,탑동우방아파트,4
2023,수원시,일반,201000215,2071,한국산업인력공단,1
2023,수원시,일반,201000198,2232,이마트,19
2023,수원시,일반,201000190,2179,세류사거리,10
2023,수원시,일반,201000206,2218,태장면고개,4
2023,수원시,일반,203000101,4005,그린빌주공5단지,3
2023,수원시,일반,203000128,4028,영통구청,2
2023,수원시,일반,203000205,4154,영일중학교.수원출입국외국인청,8
2023,수원시,일반,201000089,2212,세류현대아파트,2
2023,수원시,일반,201000092,2223,세권사거리,1
2023,수원시,일반,202000262,3022,수원역.AK플라자,4
2023,수원시,일반,203000001,1257,경기남부경찰청.봉녕사입구,15
2023,수원시,일반,203000052,4190,지역난방공사.신나무실쌍용아파트,8
2023,수원시,일반,202000050,3070,성빈센트병원,22
2023,수원시,일반,202000051,3135,2001아울렛,22
2023,수원시,일반,203000284,4302,광교휴먼시아32단지정문,11
2023,수원시,일반,203000292,4373,국토지리정보원.중앙기독초교.경기혈액원,2
2023,수원시,일반,201000072,2357,수원하늘채더퍼스트아파트입구,2
2023,수원시,일반,203000082,4081,매탄레이크파크아파트,5
2023,수원시,일반,201000007,2227,세권사거리,7
2023,수원시,일반,201000009,2214,수원버스터미널,8
2023,수원시,일반,201000287,2195,매교역4번출구,2
2023,수원시,일반,202000261,3006,수원역푸르지오자이.쌍우물택시쉼터,5
2023,수원시,일반,203000429,4416,수원시도시안전통합센터,1
2023,수원시,일반,202000042,3122,수원월드컵경기장.아름학교,6
2023,수원시,일반,201000268,2291,곡반중학교,14
2023,수원시,일반,202000017,3110,우만신성아파트,21
2023,수원시,일반,200000285,1262,성균관대역.고용노동부경기지청.율전성당,7
2023,수원시,일반,200000301,1415,화남아파트,1
2023,수원시,일반,200000303,1419,보훈복지타운아파트,1
2023,수원시,일반,200000311,1283,장안구청,5
2023,수원시,일반,201000355,2865,수원델타플렉스육교앞,2
2023,수원시,일반,201000399,2894,세류2동,10
2023,수원시,일반,203000274,4280,광교센트럴뷰.힐스테이트레이크,9
2023,수원시,일반,203000313,4287,광교한양수자인.광교복합체육센터,6
2023,수원시,일반,201000379,2875,신미주아파트,2
2023,수원시,일반,200000113,1098,경기수원의료원.두견마을.파크푸르지오,3
2023,수원시,일반,200000098,1066,동남보건대학,6
2023,수원시,일반,200000184,1129,수원종합운동장.로얄팰리스.아너스빌위즈,16
2023,수원시,일반,200000042,1206,이목동.장안힐스테이트,12
2023,수원시,일반,201000199,2256,선일초등학교,24
2023,수원시,일반,201000202,2192,비행장입구.세류역,10
2023,수원시,일반,201000538,2338,당수동,1
2023,수원시,일반,201000432,2934,동남아파트,24
2023,수원시,일반,203000074,4141,영통역8번출구,12
2023,수원시,일반,203000078,4166,황골마을,7
2023,수원시,일반,200000159,1011,성균관대학교,7
2023,수원시,일반,200000166,1161,장안문,4
2023,수원시,일반,203000089,4018,매탄초교,8
2023,수원시,일반,202000203,3033,글로벌청소년드림센터,19
2023,수원시,일반,203000254,4254,광교차고지,8
2023,수원시,일반,202000104,3194,화서1동주민센터,5
2023,수원시,일반,203000358,4344,망포역1번출구,1
2023,수원시,일반,201000028,2074,구운사거리.농수산물유통센터,5
2023,수원시,일반,203000320,4022,광교해모로아파트,5
2023,수원시,일반,203000328,4306,광교오드카운티,5
2023,수원시,일반,202000242,3010,블루밍푸른숲아파트,2
2023,수원시,일반,202000067,3072,창룡문,2
2023,수원시,일반,202000090,3176,화서역,4
2023,수원시,일반,200000058,1146,조원동,4
2023,수원시,일반,202000218,3043,(구)경기도청오거리,2
2023,수원시,일반,201000051,2184,신곡동,10
2023,수원시,일반,201000422,2922,수원아이파크4단지,1
2023,수원시,일반,203000309,4335,광교호수공원.제1주차장,3
2023,수원시,일반,201000036,2073,구운사거리.농수산물유통센터,5
2023,수원시,일반,201000095,2033,신미주아파트,5
2023,수원시,일반,201000101,2042,칠보입구,7
2023,수원시,일반,201000235,2261,곡반중학교.수원아이파크,7
2023,수원시,일반,201000312,2284,웅비아파트,2
2023,수원시,일반,201000409,2908,호매실마을14단지.장애인종합복지관,9
2023,수원시,일반,201000405,2904,호매실동차고지,5
2023,수원시,일반,201000413,2912,호매실역서희스타힐스.모아미래도아파트,5
2023,수원시,일반,201000197,2215,수원버스터미널,15
2023,수원시,일반,201000371,2870,큰갓띠,1
2023,수원시,일반,202000032,3119,효성초등학교,14
2023,수원시,일반,201000369,2871,서수원자이아파트,2
2023,수원시,일반,200000133,1104,경남아너스빌,3
2023,수원시,일반,200000134,1099,정자초교사거리,6
2023,수원시,일반,203000100,4010,우남아파트,3
2023,수원시,일반,203000138,4107,벽적골태영아파트,8
2023,수원시,일반,203000197,4200,효원초등학교,1
2023,수원시,일반,201000189,2107,구운동강남아파트,8
2023,수원시,일반,203000091,4074,래미안영통마크원1단지.신동수변공원,12
2023,수원시,일반,203000108,4176,망포중학교,18
2023,수원시,일반,203000107,4140,영통도서관.영덕중학교.은혜와진리교회,1
2023,수원시,일반,203000115,4067,동수원중학교.성일아파트.한국1차아파트,3
2023,수원시,일반,203000114,4060,극동아파트,3
2023,수원시,일반,203000130,4040,벌터마을.래미안영통마크원2단지,4
2023,수원시,일반,203000139,4100,영통롯데아파트,8
2023,수원시,일반,203000311,4282,광교호반마을21단지,6
2023,수원시,일반,203000314,4301,광교휴먼시아32단지,11
2023,수원시,일반,203000359,4345,수원시동부차고지,11
2023,수원시,일반,203000343,4322,광교e편한세상2차.광교중학교,2
2023,수원시,일반,201000463,2996,신미주.호반베르디움.일신건영아파트,1
2023,수원시,일반,201000469,2954,권선구청.경기종합노동복지회관,3
2023,수원시,일반,201000470,2957,구운동주민센터.서수원도서관,4
2023,수원시,일반,201000492,2332,중보교.수원역자동차운전전문학원,23
2023,수원시,일반,202000208,3015,수원역.노보텔수원,32
2023,수원시,일반,201000167,2060,오목천동사거리,15
2023,수원시,일반,201000166,2055,오목천역.영신여자고교.청구아파트,15
2023,수원시,일반,200000074,1220,지지대교차로,11
2023,수원시,일반,200000095,1117,정자종합시장,6
2023,수원시,일반,200000114,1105,두견마을,6
2023,수원시,일반,200000326,1300,SK스카이뷰,1
2023,수원시,일반,200000324,1298,SK스카이뷰.다솔초등학교,1
2023,수원시,일반,203000280,4270,수원고등법원.수원고등검찰청.광교호수공원,3
2023,수원시,일반,203000290,4371,광교호반베르디움,2
2023,수원시,일반,203000295,4284,소화초등학교,8
2023,수원시,일반,203000307,4281,광교차고지.연화장입구,8
2023,수원시,일반,203000151,4063,방죽공원.영통힐스테이트.쌍용아파트,20
2023,수원시,일반,203000177,4058,KT동수원지사,18
2023,수원시,일반,203000216,4027,매원중학교,4
2023,수원시,일반,203000219,4218,망포늘푸른벽산아파트후문,2
2023,수원시,일반,203000189,4202,광교더샵주상복합,2
2023,수원시,일반,203000171,4039,아주대병원,7
2023,수원시,일반,203000175,4086,광교호수공원입구.원천교사거리,17
2023,수원시,일반,201000061,2150,평동행정복지센터,1
2023,수원시,일반,201000058,2159,동남아파트.세평지하도입구,2
2023,수원시,일반,201000086,2178,수원역해모로아파트.유천교,1
2023,수원시,일반,203000050,4189,지역난방공사.신나무실쌍용아파트,8
2023,수원시,일반,200000247,1236,연무동,12
2023,수원시,일반,200000246,1237,조원고등학교,3
2023,수원시,일반,201000005,2238,KT남수원지사,3
2023,수원시,일반,201000006,2235,권선사거리.SK뷰아파트,5
2023,수원시,일반,201000008,2217,한양아파트,7
2023,수원시,일반,201000011,2207,공군관사,5
2023,수원시,일반,203000046,4174,수원광교박물관.광교카페거리,7
2023,수원시,일반,201000583,2976,곡정고.수원아이파크시티7단지아파트,1
2023,수원시,일반,200000039,1112,정자2동주민센터.수성고등학교,2
2023,수원시,일반,202000014,3107,인계선경아파트,21
2023,수원시,일반,202000016,3101,수원고용복지플러스센터.동수원병원.라마다호텔,21
2023,수원시,일반,201000588,2981,수원역환승센터(2승강장),5
2023,수원시,일반,201000137,2106,우방아파트,2
2023,수원시,일반,201000591,2984,수원역환승센터(5승강장),6
2023,수원시,일반,202000223,3020,고등동구터미널,18
2023,수원시,일반,201000004,2237,KT남수원지사,3
2023,수원시,일반,201000103,0,하나로마트(곡반정점),2
2023,수원시,일반,201000115,0,하나로마트(곡반정점),2
2023,수원시,일반,201000152,2082,청구1차아파트,4
2023,수원시,일반,201000040,2225,비상활주로.곡반정동입구,11
2023,수원시,일반,203000081,4088,원일초교,3
2023,수원시,일반,200000169,1202,경기대수원캠퍼스입구.연무시장,4
2023,수원시,일반,201000019,2128,연안아파트.삼성큰병원,27
2023,수원시,일반,202000202,3037,화서문로터리,19
2023,수원시,일반,203000256,4256,수원원일중학교.매원고등학교,1
2023,수원시,일반,203000264,4264,광교한양수자인.호반가든하임,4
2023,수원시,일반,202000101,3191,매교역7번출구.푸르지오SK뷰G4,8
2023,수원시,일반,202000096,3179,화서위브하늘채,6
2023,수원시,일반,203000396,4390,광교2동주민센터,1
2023,수원시,일반,203000428,4415,광교사회복지관,1
2023,수원시,일반,203000405,4011,영통SK뷰아파트.라온프라이빗아파트,3
2023,수원시,일반,203000023,4046,삼성전자중앙문,4
2023,수원시,일반,203000316,4308,광교파크자이더테라스.열림공원,2
2023,수원시,일반,203000341,4320,광교호반베르디움트라엘.광교해모로,2
2023,수원시,일반,203000346,4326,망포역3번출구.망포그대가프리미어.골든스퀘어,21
2023,수원시,일반,200000053,1144,수성중학교.영화동행정복지센터,1
2023,수원시,일반,201000229,2076,농수산물유통센터,7
2023,수원시,일반,201000259,2135,서둔동,3
2023,수원시,일반,201000315,2844,경기대명고등학교,2
2023,수원시,일반,201000330,2283,웅비아파트,2
2023,수원시,일반,201000322,2836,금곡동강남아파트,8
2023,수원시,일반,201000250,2045,칠보입구,2
2023,수원시,일반,201000257,2148,서호초등학교,5
2023,수원시,일반,201000269,2194,매교역3번출구.성원아파트,8
2023,수원시,일반,201000318,2837,구운동하이마트,5
2023,수원시,일반,201000326,2835,오현초등학교,1
2023,수원시,일반,201000407,2906,능실마을16단지,1
2023,수원시,일반,200000160,1015,성균관대역,7
2023,수원시,일반,203000117,4079,매탄레이크파크아파트,5
2023,수원시,일반,202000206,3049,가족여성회관.이춘택병원.수원농협,20
2023,수원시,일반,202000215,3046,향교.팔달보건소.중앙침례교회,20
2023,수원시,일반,202000081,3062,매향동,6
2023,수원시,일반,201000053,2236,권선시장앞,3
2023,수원시,일반,201000064,2137,고색파출소.종합공구단지,26
2023,수원시,일반,201000084,2177,유천교.세류1동주민센터입구,1
2023,수원시,일반,202000254,3157,현대모닝아파트,3
2023,수원시,일반,201000439,2940,호매실스위첸19단지.능실마을22단지,8
2023,수원시,일반,201000445,2948,서부공영차고지,4
2023,수원시,일반,203000056,4029,매탄2동주민센터,10
2023,수원시,일반,202000020,3091,수원시청역9번출구.국민연금공단,14
2023,수원시,일반,201000348,2849,오목천공원,1
2023,수원시,일반,201000370,2868,서수원자이아파트,2
2023,수원시,일반,200000142,1252,경기남부보훈지청.경기도교육청,4
2023,수원시,일반,200000155,1106,만석공원.만석거삼거리,6
2023,수원시,일반,200000065,1124,상공회의소.수성고교,6
2023,수원시,일반,200000091,1081,풍림아파트,9
2023,수원시,일반,201000358,2862,한양수자인파크원아파트.금호초등학교,12
2023,수원시,일반,200000151,1210,이목동.장안힐스테이트,7
2023,수원시,일반,200000071,1030,신명아파트,4
2023,수원시,일반,200000079,1225,수일여중.대우건설기술연구원.경기도융합과학교육원,14
2023,수원시,일반,201000594,2987,수원역환승센터(8승강장),2
2023,수원시,일반,201000584,2977,곡정고.수원아이파크시티7단지아파트,1
2023,수원시,일반,202000048,3138,2001아울렛,22
2023,수원시,일반,200000101,1039,천천중학교,7
2023,수원시,일반,200000107,1046,장안등기소.성우아파트,7
2023,수원시,일반,200000119,1222,동남아파트.북수원시장,6
2023,수원시,일반,200000318,1292,밤꽃사거리,1
2023,수원시,일반,200000322,1296,청솔한라아파트.롯데마트,1
2023,수원시,일반,200000283,1271,효천초등학교.한마루아파트,2
2023,수원시,일반,200000143,1178,수원농생고.수원북중학교.감천장양로원,4
2023,수원시,일반,202000221,3029,수원여고.푸르지오자이,17
2023,수원시,일반,202000024,3065,푸르지오SK뷰.인계파밀리에아파트,5
2023,수원시,일반,201000262,0,당수지구상업부지(예정),3
2023,수원시,일반,200000187,1130,수원종합운동장.수원시체육회관.아너스빌위즈,18
2023,수원시,일반,200000199,1042,천천푸르지오,1
2023,수원시,일반,200000265,1240,정자초교사거리,6
2023,수원시,일반,200000016,1155,새마을주택,1
2023,수원시,일반,200000275,1417,상광교동종점,2
2023,수원시,일반,200000271,1239,동성아울렛,6
2023,수원시,일반,201000400,2160,수원아이파크3단지,1
2023,수원시,일반,202000025,3064,인계동파밀리에아파트,5
2023,수원시,일반,202000260,3161,수원역푸르지오자이.쌍우물택시쉼터,4
2023,수원시,일반,200000025,1012,율전초교,1
2023,수원시,일반,202000008,3080,동수원사거리,22
2023,수원시,일반,202000002,2856,경기소방본부,8
2023,수원시,일반,201000156,2251,수원시청.수원일자리센터,6
2023,수원시,일반,201000149,2026,칠보마을8단지.수원KT소닉붐아레나.서수원칠보체육관,8
2023,수원시,일반,201000372,2867,당수동,1
2023,수원시,일반,202000086,3169,인계래미안노블클래스,7
2023,수원시,일반,201000157,2288,서부경찰서.권선구청입구,7
2023,수원시,일반,201000141,2132,경기도기숙사.수원유스호스텔.농업유전자원센터,2
2023,수원시,일반,201000424,2841,세류역환승주차장,10
2023,수원시,일반,200000325,1299,SK스카이뷰.다솔초등학교,1
2023,수원시,일반,203000064,4126,e편한세상아파트,6
2023,수원시,일반,203000065,4131,극동.풍림아파트,12
2023,수원시,일반,201000046,2173,새터마을,10
2023,수원시,일반,203000235,4437,광교두산위브.아주대병원후문.광교원천경기행복주택,1
2023,수원시,일반,203000084,4068,동수원중학교.성일아파트.한국1차아파트,3
2023,수원시,일반,203000085,4059,산남중학교,3
2023,수원시,일반,203000239,4246,삼성전자소재연구단지,1
2023,수원시,일반,201000020,2156,공구유통타운.중앙자동차매매단지,25
2023,수원시,일반,203000069,4056,KT동수원지사,19
2023,수원시,일반,203000072,4108,원천레이크파크아파트,16
2023,수원시,일반,200000176,1160,용머리앞,1
2023,수원시,일반,200000173,1150,상광교마을회관,1
2023,수원시,일반,201000024,2070,수원여자대학교입구,24
2023,수원시,일반,201000029,2090,서수원버스터미널,8
2023,수원시,일반,203000257,4240,영통주공9단지,9
2023,수원시,일반,202000099,3180,화서동먹거리촌.꽃뫼노을풍림아파트,3
2023,수원시,일반,203000229,4227,경기대정문,4
2023,수원시,일반,203000300,4333,신풍초등학교.자연앤자이,1
2023,수원시,일반,203000154,4064,망포그대가프리미어.쌍용아파트,20
2023,수원시,일반,201000475,2962,센트럴어반시티,10
2023,수원시,일반,203000357,4341,호반베르디움,2
2023,수원시,일반,203000326,4304,광교카페거리.대림e편한세상,4
2023,수원시,일반,203000329,4311,매탄삼성1차아파트,8
2023,수원시,일반,203000342,4321,광교호반베르디움트라엘.광교해모로,2
2023,수원시,일반,203000452,4122,풍림아파트,3
2023,수원시,일반,201000468,2953,권선구청.경기종합노동복지회관,4
2023,수원시,일반,201000472,2960,수원남부버스공영차고지,5
2023,수원시,일반,202000066,3073,창룡문,2
2023,수원시,일반,202000076,3120,자유총연맹,10
2023,수원시,일반,202000072,3069,수원시청사거리,4
2023,수원시,일반,201000183,2019,당수동삼정아파트,3
2023,수원시,일반,202000214,3038,세무서.신용회복위원회,22
2023,수원시,일반,200000049,1147,조원1동,4
2023,수원시,일반,200000055,1175,벽산아파트,1
2023,수원시,일반,201000055,2257,농수산물시장,7
2023,수원시,일반,201000057,2239,곡선새마을금고.권선자이e편한세상,3
2023,수원시,일반,201000435,2930,능실초등학교.힐스테이트호매실,10
2023,수원시,일반,203000006,4163,황골주공아파트,1
2023,수원시,일반,203000008,4065,잠원초등학교,1
2023,수원시,일반,201000446,2949,서부공영차고지,5
2023,수원시,일반,202000039,3124,창현고교.아주대학교.유신고교,11
2023,수원시,일반,202000049,3118,인계동동문굿모닝힐아파트,26
2023,수원시,일반,201000351,0,국립농업박물관,6
2023,수원시,일반,200000051,1169,조원시장입구.더샵퍼스트파크아파트,4
2023,수원시,일반,203000430,4417,광교이마트,1
2023,수원시,일반,200000438,1414,동문굿모닝힐아파트.율전이인아파트,1
2023,수원시,일반,202000013,3109,청소년문화센터,6
2023,수원시,일반,203000306,4283,광교차고지.연화장입구,8
2023,수원시,일반,200000004,1196,문암골,1
2023,수원시,일반,200000001,1165,하광교느티나무,1
2023,수원시,일반,203000158,4170,영통입구,9
2023,수원시,일반,201000249,2039,호매실GS아파트,2
2023,수원시,일반,201000252,2099,탑동초등학교.삼성아파트,11
2023,수원시,일반,201000253,2112,구운중학교,11
2023,수원시,일반,201000338,2833,칠보산입구.자목마을,1
2023,수원시,일반,201000314,2830,권선구청,1
2023,수원시,일반,201000346,2828,권선동,8
2023,수원시,일반,202000034,3082,수원시글로벌평생학습관.우만주공아파트,10
2023,수원시,일반,200000293,1268,동원고교.해우재입구,1
2023,수원시,일반,203000090,4003,매탄주공4.5단지,9
2023,수원시,일반,203000106,4155,청명대우아파트,1
2023,수원시,일반,201000447,2942,호매실스타힐스.수원여대입구,13
2023,수원시,일반,201000387,2886,중앙병원,1
2023,수원시,일반,201000383,2883,권선보성.두산동아.신우아파트,2
2023,수원시,일반,200000131,1217,북수원시장입구,3
2023,수원시,일반,200000145,1089,북수원시장.광교산입구,16
2023,수원시,일반,200000147,1093,장안고등학교,3
2023,수원시,일반,200000104,1020,성균관대역.고용노동부경기지청.율전성당,6
2023,수원시,일반,203000278,4275,원천호수사거리.광교센트럴타운62단지,3
2023,수원시,일반,203000294,4286,소화초등학교,8
2023,수원시,일반,203000308,4334,광교호수공원.제1주차장,2
2023,수원시,일반,203000304,4279,광교호반마을입구,4
2023,수원시,일반,203000297,4339,광교에듀타운입구.아주대.한국자산관리공사,1
2023,수원시,일반,200000002,1173,하광교,1
2023,수원시,일반,200000003,1180,비석거리입구,1
2023,수원시,일반,203000153,4032,래미안영통마크원2단지.영통아이파크캐슬1단지,15
2023,수원시,일반,203000161,4236,자유총연맹,10
2023,수원시,일반,202000259,3167,황제연립,1
2023,수원시,일반,203000401,4395,광교역사공원.광교카페거리,1
2023,수원시,일반,203000438,4425,광교카페거리입구,1
2023,수원시,일반,203000019,4061,e편한세상,3
2023,수원시,일반,203000021,4053,삼성아파트,1
2023,수원시,일반,200000312,1285,경기남부보훈지청.경기도교육청,3
2023,수원시,일반,201000010,2210,권선중학교,4
2023,수원시,일반,202000256,3025,화서시장,1
2023,수원시,일반,202000249,3016,화서오거리,1
2023,수원시,일반,201000436,2931,능실초등학교.힐스테이트호매실,10
2023,수원시,일반,201000442,2938,한양수자인파크원아파트.자목마을입구,7
2023,수원시,일반,203000055,4098,원천삼성아파트,4
2023,수원시,일반,202000038,3117,효성초등학교,14
2023,수원시,일반,202000044,3052,매교다리,8
2023,수원시,일반,201000107,2083,구운사거리,5
2023,수원시,일반,201000231,2169,세류1동주민센터,1
2023,수원시,일반,201000236,2262,곡반중학교.수원아이파크,7
2023,수원시,일반,201000251,2087,구운동주민센터.서수원도서관,7
2023,수원시,일반,201000263,2278,센트라우스.서수원검사소,5
2023,수원시,일반,201000415,2914,금곡동행정복지센터.호매실파출소,10
2023,수원시,일반,200000202,1232,(구)한국은행,19
2023,수원시,일반,200000019,1422,조원뉴타운2단지,1
2023,수원시,일반,200000010,1172,하광교,1
2023,수원시,일반,200000020,1101,중부경찰서,1
2023,수원시,일반,200000033,1023,수원종합운동장.한국건강검진협회,1
2023,수원시,일반,200000041,1049,이목동.장안STX칸,11
2023,수원시,일반,200000047,1170,조원뉴타운,3
2023,수원시,일반,202000031,3142,영동시장,22
2023,수원시,일반,200000296,1275,상률초교,1
2023,수원시,일반,201000354,2852,고색체육공원,1
2023,수원시,일반,201000377,2876,삼익아파트,2
2023,수원시,일반,201000384,2881,권선보성.두산동아.신우아파트,4
2023,수원시,일반,200000080,1125,한일타운.경기일보.홈플러스,22
2023,수원시,일반,202000001,1194,수원시글로벌평생학습관.연무사회복지관.창룡도서관,6
2023,수원시,일반,201000242,2012,당수지구A-1BL(예정),3
2023,수원시,일반,201000243,2021,호매실더센트라고아파트.모아미래도아파트,2
2023,수원시,일반,201000133,2126,경기상상캠퍼스.푸른지대,2
2023,수원시,일반,201000144,2254,축산물유통센터입구,4
2023,수원시,일반,201000143,2230,곡반정동차고지,7
2023,수원시,일반,203000071,4087,광교호수공원입구.원천교사거리,16
2023,수원시,일반,203000433,4420,수원컨벤션센터.광교갤러리아백화점.중흥s클래스,2
2023,수원시,일반,203000025,4016,매탄고등학교.매탄위브하늘채,4
2023,수원시,일반,203000029,4047,삼성전자후문,1
2023,수원시,일반,203000038,4151,수원가정법원.동수원등기소,1
2023,수원시,일반,201000001,2222,한마음외과,5
2023,수원시,일반,202000091,3173,월드메르디앙,3
2023,수원시,일반,202000041,3123,수원월드컵경기장.아름학교,6
2023,수원시,일반,202000085,3170,인계래미안노블클래스,6
2023,수원시,일반,200000078,1109,수일중학교,16
2023,수원시,일반,200000073,1071,경기도인재개발원.경기연구원.경기도평생교육진흥원.경기도여성가족재단,18
2023,수원시,일반,200000117,1077,북수원시장.효자문사거리,7
2023,수원시,일반,200000115,1116,정자종합시장,6
2023,수원시,일반,200000317,1291,밤꽃사거리,1
2023,수원시,일반,203000087,4037,매탄공원,4
2023,수원시,일반,203000240,4247,디지털엠파이어2.송원산업,1
2023,수원시,일반,203000272,4296,산의초등학교.래미안광교,5
2023,수원시,일반,203000253,4253,광교차고지,8
2023,수원시,일반,201000241,2020,당수동삼정아파트,2
2023,수원시,일반,201000336,2832,공구유통타운.중앙자동차매매단지,24
2023,수원시,일반,201000402,2893,능실마을15단지.금호어울림아파트,5
2023,수원시,일반,201000420,2923,수원버스터미널,2
2023,수원시,일반,202000029,3054,팔달문.이안과,5
2023,수원시,일반,200000310,1286,장안구청,5
2023,수원시,일반,201000390,2331,중보교.수원역자동차운전전문학원,23
2023,수원시,일반,202000108,0,화서1동행정복지센터.수원역푸르지오자이,5
2023,수원시,일반,200000194,1123,경기일보.한일타운,20
2023,수원시,일반,200000197,1256,우만주공4단지,7
2023,수원시,일반,200000203,1261,세한교회,4
2023,수원시,일반,203000277,4274,수원컨벤션센터.롯데아울렛,8
2023,수원시,일반,203000334,4316,수원나누리병원,4
2023,수원시,일반,203000338,4232,광교역사공원.광교카페거리,7
2023,수원시,일반,202000219,3017,수원역.AK플라자,20
2023,수원시,일반,202000217,3018,고등동삼거리,19
2023,수원시,일반,202000239,3151,꽃뫼신동아아파트,1
2023,수원시,일반,201000174,2046,칠보입구,1
2023,수원시,일반,201000180,2001,LG빌리지3차.모아미래도아파트,12
2023,수원시,일반,201000288,3163,매교역5번출구.힐스테이트푸르지오2단지,2
2023,수원시,일반,200000123,1207,만석공원.정자초교.벽산아파트,4
2023,수원시,일반,200000137,1120,송원중학교.수원서부교회,3
2023,수원시,일반,200000059,1137,조원2동주민센터,3
2023,수원시,일반,200000069,1017,율전성당.성균관대역,4
2023,수원시,일반,200000063,1133,수성중사거리,4
2023,수원시,일반,200000087,1198,광교공원.경기대수원캠퍼스입구,1
2023,수원시,일반,200000118,1221,파장초등학교.SKC,5
2023,수원시,일반,200000038,1119,정자사거리,1
2023,수원시,일반,202000007,3074,성빈센트병원,22
2023,수원시,일반,201000542,2310,당수동공용화장실(마을),1
2023,수원시,일반,201000153,2290,오목초등학교,4
2023,수원시,일반,201000065,2141,고색삼거리,1
2023,수원시,일반,201000063,2142,고색동입구.고색삼거리,1
2023,수원시,일반,201000087,2186,정조사거리,1
2023,수원시,일반,201000091,2209,신곡사거리,1
2023,수원시,일반,202000255,3158,율현중학교.녹색교통회관.꽃뫼버들코오롱아파트,7
2023,수원시,일반,200000189,1260,장안공원,9
2023,수원시,일반,200000201,1227,영화공원,1
2023,수원시,일반,203000063,4007,삼성1차아파트,15
2023,수원시,일반,201000044,2185,신곡동,10
2023,수원시,일반,200000163,1010,삼성아파트,6
2023,수원시,일반,202000201,3030,병무청입구,21
2023,수원시,일반,203000265,4263,광교한양수자인.호반가든하임,4
2023,수원시,일반,202000037,3105,수원월드컵경기장.동성중학교,13
2023,수원시,일반,200000008,1195,문암골,1
2023,수원시,일반,200000044,1111,정자2동주민센터,2
2023,수원시,일반,202000098,3181,화서동먹거리촌.꽃뫼노을풍림아파트,3
2023,수원시,일반,203000373,4359,영통구보건소.수원체육문화센터,2
2023,수원시,일반,203000353,4343,광교에일린의뜰.광교호수공원,2
2023,수원시,일반,202000015,3130,수원고용복지플러스센터.동수원병원.라마다호텔,21
2023,수원시,일반,201000136,2104,우방아파트,2
2023,수원시,일반,201000423,2845,당수초등학교.삼정아파트,3
2023,수원시,일반,201000596,2989,수원역환승센터(10승강장),1
2023,수원시,일반,203000066,4237,아주대.아주대학교병원,23
2023,수원시,일반,203000075,4157,청명역4번출구,14
2023,수원시,일반,203000062,4171,연화장,2
2023,수원시,일반,203000070,4183,남부경찰서.성일아파트,13
2023,수원시,일반,203000080,4104,원천레이크파크아파트,3
2023,수원시,일반,203000244,4249,원천신미주아파트,1
2023,수원시,일반,203000383,4383,매탄그린빌4단지,1
2023,수원시,일반,202000245,3152,율현중학교.녹색교통회관.꽃뫼버들코오롱아파트,7
2023,수원시,일반,201000049,2174,새터마을,10
2023,수원시,일반,201000054,2242,권선아파트,3
2023,수원시,일반,202000246,3153,엘지아파트.금강아파트,4
2023,수원시,일반,203000236,4243,디지털엠파이어2,4
2023,수원시,일반,203000083,4073,금성아파트.한국1차아파트,6
2023,수원시,일반,203000237,4244,디지털엠파이어2.송원산업,1
2023,수원시,일반,201000031,2119,웃거리,10
2023,수원시,일반,203000247,4324,박지성삼거리,3
2023,수원시,일반,202000061,3125,창현고교.아주대학교.유신고교,11
2023,수원시,일반,202000125,3200,코오롱아파트.여기산공원(마을),2
2023,수원시,일반,203000098,4034,래미안영통마크원2단지,4
2023,수원시,일반,203000104,4164,황골주공아파트,1
2023,수원시,일반,203000118,4093,원일초교,3
2023,수원시,일반,201000201,2196,세류2동.세류역환승주차장,10
2023,수원시,일반,201000208,2264,대원아파트,7
2023,수원시,일반,203000131,4121,신나무실아파트,8
2023,수원시,일반,203000276,4273,수원컨벤션센터.롯데아울렛,8
2023,수원시,일반,203000319,4291,광교해모로아파트,4
2023,수원시,일반,203000332,4312,황골쌍용아파트,8
2023,수원시,일반,201000458,2944,호매실엔루체,8
2023,수원시,일반,203000449,4436,대선초.e편한세상영통2차아파트,1
2023,수원시,일반,202000225,3023,수원역.역전시장,29
2023,수원시,일반,202000230,3144,장안문.수원전통문화관,21
2023,수원시,일반,202000244,3007,황제연립,1
2023,수원시,일반,201000168,2064,수원여대입구,12
2023,수원시,일반,202000232,3013,화서오거리,2
2023,수원시,일반,201000169,2111,청구.하늘채코오롱아파트,1
2023,수원시,일반,202000070,3079,KBS수원센터.KB손해보험,3
2023,수원시,일반,202000075,3116,경기아트센터.매탄위브하늘채,12
2023,수원시,일반,201000178,2009,경기도건설본부.경기도동물위생시험소.칠보마을7단지,9
2023,수원시,일반,203000220,4217,센트럴하이츠아파트,4
2023,수원시,일반,203000286,4300,상현역,17
2023,수원시,일반,203000163,4234,임광아파트,8
2023,수원시,일반,203000169,4054,수원정보과학고.원천중학교,3
2023,수원시,일반,201000448,2943,호매실스타힐스.수원여대입구,12
2023,수원시,일반,202000224,3164,매산시장,21
2023,수원시,일반,201000050,2176,세류사거리,10
2023,수원시,일반,201000090,2205,수원농협권선지점,2
2023,수원시,일반,201000088,2203,삼익아파트,2
2023,수원시,일반,202000252,3139,화성행궁,21
2023,수원시,일반,203000040,4019,경기도경제과학진흥원,6
2023,수원시,일반,201000437,2935,권선시장앞,3
2023,수원시,일반,203000057,4026,매탄시장입구,10
2023,수원시,일반,202000047,3133,팔달문,11
2023,수원시,일반,201000078,2048,입북동입구,4
2023,수원시,일반,202000110,0,화서1동행정복지센터,1
2023,수원시,일반,201000217,2093,탑동우방아파트,5
2023,수원시,일반,201000205,2259,수원시청역3번출구.서울보증보험,8
2023,수원시,일반,203000397,4394,광교휴먼시아32단지.이의고교,12
2023,수원시,일반,201000184,2013,당수동인정.한라.쌍용아파트,3
2023,수원시,일반,201000310,2286,입북동주민센터,1
2023,수원시,일반,201000200,2270,곡반초등학교,14
2023,수원시,일반,201000193,2200,남수원초등학교,12
2023,수원시,일반,203000431,4418,광교이마트,1
2023,수원시,일반,201000104,2181,세류사거리.세류2동주민센터,9
2023,수원시,일반,202000103,3193,푸르지오SK뷰G3,4
2023,수원시,일반,201000212,2219,수원버스터미널,4
2023,수원시,일반,201000188,2117,구운동삼환아파트,8
2023,수원시,일반,203000092,4035,자연앤자이아파트.중흥S클래스,4
2023,수원시,일반,203000125,4241,경희대학교,14
2023,수원시,일반,203000124,4085,망포역1번출구.디지털엠파이어1,9
2023,수원시,일반,203000105,4158,황곡초등학교.주공아파트,1
2023,수원시,일반,200000096,1085,정자3동행정복지센터.정자동중심상가.동양고속성지아파트,9
2023,수원시,일반,200000105,1027,천일초교,3
2023,수원시,일반,200000097,1076,대평중학교,6
2023,수원시,일반,200000103,1026,신안아파트,6
2023,수원시,일반,200000321,1411,장안공원,11
2023,수원시,일반,203000196,4199,효원초등학교,1
2023,수원시,일반,203000183,4194,영통뜨란채아파트,2
2023,수원시,일반,203000283,4265,이의초중고교.광교호수마을호반써밋,3
2023,수원시,일반,203000296,4338,광교에듀타운입구.아주대.한국자산관리공사,1
2023,수원시,일반,203000156,4135,살구골현대아파트.영통역4번출구,8
2023,수원시,일반,203000155,4070,청와.쌍용.그대가센트럴파크아파트,23
2023,수원시,일반,203000166,4178,경기대수원캠퍼스후문.수원박물관,17
2023,수원시,일반,203000172,4055,수원정보과학고.원천중학교,5
2023,수원시,일반,203000143,4152,영일중학교.수원출입국외국인청,8
2023,수원시,일반,203000149,4069,태장초등학교,19
2023,수원시,일반,203000186,4197,이노플랙스,1
2023,수원시,일반,203000298,4289,합동신학대학원,4
2023,수원시,일반,203000178,4179,구법원사거리,26
2023,수원시,일반,203000174,4105,원천레이크파크아파트,16
2023,수원시,일반,200000266,1251,경기수원의료원.파크푸르지오.두견마을,3
2023,수원시,일반,200000277,1416,신일아파트,1
2023,수원시,일반,202000043,3092,월드컵경기장입구.우만아파트주공3단지,10
2023,수원시,일반,200000026,1009,율전동,1
2023,수원시,일반,200000030,1018,성균관대역동문굿모닝힐아파트,1
2023,수원시,일반,200000037,1135,KT수원지사.국민연금북수원지사,17
2023,수원시,일반,201000139,2123,탑동입구,2
2023,수원시,일반,201000012,2216,권선동,10
2023,수원시,일반,203000246,4258,박지성삼거리,2
2023,수원시,일반,201000431,2933,동남아파트,1
2023,수원시,일반,201000043,2213,수원버스터미널,4
2023,수원시,일반,201000035,2101,구운오거리.경기중소기업성장지원센터,11
2023,수원시,일반,200000158,1007,삼성아파트,6
2023,수원시,일반,201000017,2067,수원여자대학입구,12
2023,수원시,일반,200000174,1152,상광교신다리.광교로컬푸드직매장,1
2023,수원시,일반,201000018,2122,고색역.고색초교.태산아파트,30
2023,수원시,일반,201000025,2059,오목천동태산아파트.서희스타힐스,12
2023,수원시,일반,203000255,4255,수원원일중학교.매원고등학교,1
2023,수원시,일반,203000248,4252,수원박물관.수원시장애인복지관(마을),5
2023,수원시,일반,203000273,4297,산의초등학교.래미안광교,5
2023,수원시,일반,202000058,3060,팔달구청.수원화성박물관,5
2023,수원시,일반,202000106,3195,수원역.AK플라자,24
2023,수원시,일반,203000395,4389,광교2동주민센터,2
2023,수원시,일반,203000027,4014,영통구청.상지문고,4
2023,수원시,일반,203000037,4242,경희대정문,3
2023,수원시,일반,203000425,4412,광교사회복지관,1
2023,수원시,일반,203000022,4048,삼성전자후문,1
2023,수원시,일반,203000032,4393,매원초등학교.광교아이파크아파트,2
2023,수원시,일반,203000034,4008,경기대수원캠퍼스후문,5
2023,수원시,일반,203000026,4017,매탄고등학교.그린빌주공1.2단지,4
2023,수원시,일반,203000045,4175,광교역사공원.광교카페거리,7
2023,수원시,일반,203000380,4366,삼성DigitalCity정문,1
2023,수원시,일반,203000333,4315,수원나누리병원,3
2023,수원시,일반,201000471,2958,수원센트럴타운2단지.세류동성당,1
2023,수원시,일반,202000204,3034,글로벌청소년드림센터,18
2023,수원시,일반,202000233,3009,블루밍푸른숲아파트,2
2023,수원시,일반,201000170,2134,서둔동주민센터,3
2023,수원시,일반,202000222,3024,고등동사거리,17
2023,수원시,일반,201000165,2054,오목천역.영신여자고교,15
2023,수원시,일반,201000260,2069,국립축산과학원,10
2023,수원시,일반,201000255,2138,서호중학교,3
2023,수원시,일반,201000342,2180,세류2동주민센터,9
2023,수원시,일반,201000406,2905,능실마을16단지,1
2023,수원시,일반,201000408,2907,호매실마을14단지.장애인종합복지관,10
2023,수원시,일반,201000411,2910,호매실마을13단지.수원시보훈회관,9
2023,수원시,일반,201000098,2007,경기도동물위생시험소,1
2023,수원시,일반,201000110,2245,수원가구거리,3
2023,수원시,일반,201000238,2229,곡반정동차고지,7
2023,수원시,일반,201000258,2139,서호중학교,3
2023,수원시,일반,201000347,2847,오목천공원,1
2023,수원시,일반,201000418,2919,호매실역서희스타힐스,1
2023,수원시,일반,201000419,2920,호매실역서희스타힐스,1
2023,수원시,일반,202000028,3051,팔달문.수원백병원,12
2023,수원시,일반,202000033,3102,수원월드컵경기장.동성중학교,12
2023,수원시,일반,202000089,3175,화서역,4
2023,수원시,일반,201000582,2975,힐스테이트푸르지오.세곡사거리,2
2023,수원시,일반,201000056,2258,농수산물시장,5
2023,수원시,일반,201000081,2211,세류현대아파트,2
2023,수원시,일반,203000007,4043,잠원중학교,1
2023,수원시,일반,200000291,1270,백선교회,3
2023,수원시,일반,200000302,1281,조원뉴타운,2
2023,수원시,일반,201000393,2890,아름다운나날,1
2023,수원시,일반,201000397,2896,세화새마을금고.버드내도서관,9
2023,수원시,일반,200000125,1094,벽산블루밍아파트,3
2023,수원시,일반,200000157,1138,한일타운,3
2023,수원시,일반,200000077,1102,한국가스안전공사.택시공제조합,16
2023,수원시,일반,200000075,1074,경기도인재개발원.경기연구원.경기도평생교육진흥원.경기도여성가족재단,16
2023,수원시,일반,200000092,1078,화서역파크뷰.삼환나우빌.효성아파트,6
2023,수원시,일반,200000090,1083,풍림아파트,9
2023,수원시,일반,201000392,2889,영조아파트.푸르지오아파트,1
2023,수원시,일반,201000359,2864,홈플러스서수원점,9
2023,수원시,일반,200000136,1215,만석공원.중부경찰서,3
2023,수원시,일반,200000141,1187,보훈교육원.반딧불이연무시장,4
2023,수원시,일반,200000153,1115,연세수요양병원.송죽희성연인아파트,6
2023,수원시,일반,200000156,1113,온누리교회,6
2023,수원시,일반,201000599,2339,세지로(건강원앞),1
2023,수원시,일반,202000045,3077,KBS수원센터정문.한화생명,3
2023,수원시,일반,202000046,3141,우만동선경아파트,21
2023,수원시,일반,203000230,4228,경기대정문,4
2023,수원시,일반,200000100,1047,장안등기소.성우아파트,7
2023,수원시,일반,200000110,1073,대평중학교,6
2023,수원시,일반,200000323,1297,SK스카이뷰,1
2023,수원시,일반,200000190,1258,화서문.장안공원,18
2023,수원시,일반,202000228,3021,고등동행정복지센터.수원역푸르지오자이,1
2023,수원시,일반,200000192,1154,영화초등학교.한국건강관리협회,2
2023,수원시,일반,200000193,1136,수원KT위즈파크.수원종합운동장,3
2023,수원시,일반,200000191,1176,교육청사거리,2
2023,수원시,일반,200000276,1253,동원고교.해우재입구,2
2023,수원시,일반,200000240,1235,화남아파트,1
2023,수원시,일반,200000031,1008,율전동,1
2023,수원시,일반,200000045,1118,정자사거리.수성고등학교,2
2023,수원시,일반,200000009,1179,비석거리입구,1
2023,수원시,일반,201000575,2343,여기산공원.코오롱아파트(마을),2
2023,수원시,일반,200000024,1024,한국건강검진협회.수원종합운동장,1
2023,수원시,일반,200000040,1108,도체육회관.대림e-편한세상,2
2023,수원시,일반,202000012,3103,인계삼성아파트.현대힐스테이트,7
2023,수원시,일반,201000595,2988,수원역환승센터(9승강장),1
2023,수원시,일반,201000182,2010,당수지구A-4BL(예정),3
2023,수원시,일반,201000151,2289,오목천주공아파트,4
2023,수원시,일반,201000134,2125,탑동사거리,2
2023,수원시,일반,201000131,2275,서호중학교,2
2023,수원시,일반,201000138,2113,탑골1길,2
2023,수원시,일반,201000430,2959,수원아이파크시티.선일초교,18
2023,수원시,일반,202000006,3111,경기문화재단.매탄주공4.5단지,9
2023,수원시,일반,203000242,4251,원천삼성1차아파트.팩토리월드,1
2023,수원시,일반,201000014,2158,권선2동성당,7
2023,수원시,일반,203000088,4025,매원중학교,4
2023,수원시,일반,201000013,2226,곡반정동입구,11
2023,수원시,일반,201000289,3061,태장면고개,4
2023,수원시,일반,203000067,4238,아주대학교입구,22
2023,수원시,일반,201000041,2206,공군관사,5
2023,수원시,일반,200000162,1013,성균관대학교,7
2023,수원시,일반,200000164,1072,이목동차고지,11
2023,수원시,일반,200000170,1190,연무시장입구.연무동문화센터,3
2023,수원시,일반,200000182,1193,보훈원복지타운.보훈요양원,4
2023,수원시,일반,201000015,2153,가게앞.평동,1
2023,수원시,일반,201000030,2102,구운오거리.경기중소기업성장지원센터,10
2023,수원시,일반,203000243,4248,원천신미주아파트,1
2023,수원시,일반,203000263,4262,광교초등학교.광교홍재도서관,3
2023,수원시,일반,202000105,3196,수원역.AK플라자,11
2023,수원시,일반,202000055,3066,창룡문.연무대,6
2023,수원시,일반,202000120,3165,수원역.헌혈의집,1
2023,수원시,일반,203000374,4360,동부차고지,9
2023,수원시,일반,201000455,2947,호매실쌍용아파트,3
2023,수원시,일반,201000460,2946,서수원레이크푸르지오2단지,2
2023,수원시,일반,200000052,1177,벽산아파트,4
2023,수원시,일반,202000235,3002,화서역.화서2동주민센터,5
2023,수원시,일반,202000234,3004,숙지공원.화서동굿모닝힐.화서다산도서관,2
2023,수원시,일반,202000220,3028,수원여고.농천교회,18
2023,수원시,일반,203000355,4384,훼미리타워,11
2023,수원시,일반,203000335,4317,원천레이크파크아파트,3
2023,수원시,일반,203000450,4144,살구골.서광아파트,7
2023,수원시,일반,201000464,2995,호반베르디움.신미주.일신건영아파트,1
2023,수원시,일반,201000484,2971,일월도서관.청구아파트후문,1
2023,수원시,일반,201000488,2972,서수원주민편익시설,25
2023,수원시,일반,201000493,2008,영조아름다운나날1단지,1
2023,수원시,일반,202000243,3014,화서오거리,1
2023,수원시,일반,202000216,3140,가족여성회관.이춘택병원.해움미술관.수원농협,20
2023,수원시,일반,202000238,3150,진흥아파트,1
2023,수원시,일반,202000241,3005,숙지공원.화서동굿모닝힐.화서다산도서관,2
2023,수원시,일반,202000231,3050,팔달구청.화성행궁.수원성지,21
2023,수원시,일반,201000173,2089,구운동주민센터.서수원도서관,10
2023,수원시,일반,201000401,2161,수원아이파크3단지,1
2023,수원시,일반,201000186,2105,구운동성원아파트.일월먹거리촌,9
2023,수원시,일반,202000082,3147,한국전력경기사업본부.한라시그마팰리스,22
2023,수원시,일반,201000066,2145,자동차매매센터,1
2023,수원시,일반,202000247,3154,엘지아파트.금강아파트,4
2023,수원시,일반,202000257,3027,화서시장,1
2023,수원시,일반,203000047,4094,원천삼성아파트,4
2023,수원시,일반,202000064,3083,수원고용복지플러스센터.동수원사거리.삼성생명,3
2023,수원시,일반,201000047,2166,세류중학교.아세아시멘트,10
2023,수원시,일반,202000253,3134,수원전통문화관.장안동,21
2023,수원시,일반,203000048,4110,무궁화전자,4
2023,수원시,일반,201000545,2190,평동동남아파트,5
2023,수원시,일반,201000227,2168,세류1동주민센터,1
2023,수원시,일반,201000148,2034,엠코타운아파트,3
2023,수원시,일반,200000056,1168,조원시장입구.더샵퍼스트파크아파트,4
2023,수원시,일반,203000312,4207,광교한양수자인.광교복합체육센터,6
2023,수원시,일반,203000434,4421,수원컨벤션센터.광교갤러리아백화점.중흥s클래스,2
2023,수원시,일반,203000018,4132,영통역7번출구.영덕고등학교,12
2023,수원시,일반,203000017,4044,벽산e빌리지,1
2023,수원시,일반,203000031,4392,매원초등학교.광교아이파크아파트,2
2023,수원시,일반,203000039,4147,수원가정법원.동수원등기소,1
2023,수원시,일반,203000041,4185,차세대융합기술연구원.푸르지오월드마크,11
2023,수원시,일반,201000195,2182,세류2동주민센터,10
2023,수원시,일반,201000191,2269,수원순복음교회.하늘채더퍼스트,12
2023,수원시,일반,201000105,2075,서수원터미널.이마트,6
2023,수원시,일반,201000116,2091,서수원버스터미널,6
2023,수원시,일반,201000248,2032,신미주아파트,2
2023,수원시,일반,201000264,2279,센트라우스.서수원검사소,5
2023,수원시,일반,201000296,2333,상고렴사거리.곡선동주민센터,4
2023,수원시,일반,203000093,4078,아이파크캐슬2단지.롯데엘클래스,15
2023,수원시,일반,203000116,4071,금성아파트.한국2차아파트,6
2023,수원시,일반,203000136,4133,영통역6번출구.영덕고등학교,12
2023,수원시,일반,202000027,3093,수원시청역1번출구.국민연금공단.경인일보,5
2023,수원시,일반,200000292,1263,백선교회,3
2023,수원시,일반,200000082,1153,영화초등학교.한국건강관리협회,2
2023,수원시,일반,200000089,1075,삼환나우빌.효성.화서역파크뷰아파트,6
2023,수원시,일반,200000284,1272,효천초등학교.화서역위너스파크,2
2023,수원시,일반,201000112,2188,세류3동주민센터.버드내노인복지회관,9
2023,수원시,일반,201000230,2163,세평지하도,1
2023,수원시,일반,201000403,2917,권선자이.e편한세상,5
2023,수원시,일반,203000211,4377,광교호반베르디움,14
2023,수원시,일반,203000188,4201,광교더샵주상복합,2
2023,수원시,일반,203000228,4226,광교두산위브.아주대병원후문.광교원천경기행복주택,1
2023,수원시,일반,203000287,4277,상현역,15
2023,수원시,일반,200000007,1204,광교산입구.경기대수원캠퍼스,1
2023,수원시,일반,203000150,4072,그대가프리미어아파트.망포역3번출구,21
2023,수원시,일반,203000167,4002,경기남부경찰청.봉녕사입구,15
2023,수원시,일반,202000026,3078,인계동행정복지센터.KBS수원센터.경기도노인회관,4
2023,수원시,일반,202000023,3076,인계동행정복지센터.KBS수원센터,4
2023,수원시,일반,202000019,3098,뉴코아아울렛,12
2023,수원시,일반,202000036,3096,여권민원실.풍림아파트,11
2023,수원시,일반,201000349,2846,우림.대한아파트,3
2023,수원시,일반,201000365,2872,서수원주민편익시설,25
2023,수원시,일반,201000391,2888,영조아파트.푸르지오아파트,1
2023,수원시,일반,200000128,1063,이목동입구,4
2023,수원시,일반,201000125,2097,권선구청.한봄고등학교,6
2023,수원시,일반,203000403,4399,광교체육센터.다산중학교,1
2023,수원시,일반,203000404,4004,영통SK뷰아파트.라온프라이빗아파트,2
2023,수원시,일반,203000028,4045,삼성전자중앙문,4
2023,수원시,일반,200000437,1413,성균관대역동문굿모닝힐아파트,1
2023,수원시,일반,201000109,2247,수원가구거리,1
2023,수원시,일반,201000113,2197,매교역2번출구.성원아파트,8
2023,수원시,일반,200000094,1050,동원고교.해우재입구,12
2023,수원시,일반,200000102,1029,샘내현대아파트,7
2023,수원시,일반,201000034,2120,웃거리,11
2023,수원시,일반,201000247,2030,호매실쌍용아파트,2
2023,수원시,일반,201000256,2143,서호초등학교,5
2023,수원시,일반,201000327,2839,오현초등학교,1
2023,수원시,일반,201000341,2842,고색동입구,23
2023,수원시,일반,201000337,2840,경기도건설본부.경기도동물위생시험소.칠보마을7단지,5
2023,수원시,일반,201000350,2848,우림.대한아파트,3
2023,수원시,일반,201000378,2877,칠보초등학교,2
2023,수원시,일반,201000382,2882,농수산물사거리,3
2023,수원시,일반,201000398,2897,장미아파트.버드내도서관,9
2023,수원시,일반,201000386,2887,중앙병원,1
2023,수원시,일반,200000195,1208,수일여중.한빛현요양병원.경기도융합과학교육원,16
2023,수원시,일반,200000198,1028,GS아파트.천천푸르지오,1
2023,수원시,일반,200000200,1238,장안지하차도.수원KT위즈파크,18
2023,수원시,일반,200000204,1082,화서역.화서주공3단지,7
2023,수원시,일반,200000015,1148,상광교마을회관,1
2023,수원시,일반,200000021,1095,풍림아파트입구,1
2023,수원시,일반,203000391,4379,광교센트럴타운62단지.힐스테이트레이크,2
2023,수원시,일반,203000024,4015,영통구청,4
2023,수원시,일반,203000033,4030,경기대후문,2
2023,수원시,일반,202000079,3113,청소년문화센터,6
2023,수원시,일반,200000130,1069,SK스카이뷰.SK아트리움,10
2023,수원시,일반,200000152,1048,이목동.장안STX칸,7
2023,수원시,일반,200000124,1100,경남아너스빌.동신아파트,3
2023,수원시,일반,200000132,1096,벽산블루밍아파트,3
2023,수원시,일반,200000135,1216,만석공원.정자초교.벽산아파트,4
2023,수원시,일반,200000144,1213,교육청사거리,4
2023,수원시,일반,200000084,1192,수원시글로벌평생학습관.연무사회복지관.창룡도서관,6
2023,수원시,일반,200000070,1025,체육고교.신안아파트,3
2023,수원시,일반,200000066,1132,수성중사거리,6
2023,수원시,일반,200000111,1084,정자3동행정복지센터.정자동중심상가,10
2023,수원시,일반,200000106,1040,천천초교.천천고교,7
2023,수원시,일반,200000121,1223,송원중학교.수원서부교회,3
2023,수원시,일반,200000327,1301,청솔한라아파트.롯데마트,1
2023,수원시,일반,202000004,3129,아주대학교입구,21
2023,수원시,일반,203000077,4165,황골주공.벽산아파트,12
2023,수원시,일반,200000161,1016,성균관대역,4
2023,수원시,일반,201000099,2024,칠보고교.칠보중.중촌초교,9
2023,수원시,일반,201000100,2025,가온마을4단지.수원KT소닉붐아레나.서수원칠보체육관,10
2023,수원시,일반,201000114,2189,세류3동주민센터.버드내노인복지회관,9
2023,수원시,일반,201000117,2080,구운사거리,6
2023,수원시,일반,201000118,2252,수원아이파크시티.선일초교,7
2023,수원시,일반,201000122,2108,고색동태산아파트.도로교통관리사업소,4
2023,수원시,일반,201000245,2004,와이씨티칠보마을6단지.LG빌리지1차아파트,8
2023,수원시,일반,200000172,1158,새마을주택,1
2023,수원시,일반,201000026,2015,대명고등학교,5
2023,수원시,일반,202000062,3068,수원시청사거리.윌스기념병원,4
2023,수원시,일반,202000097,3143,팔달문,5
2023,수원시,일반,202000030,3056,팔달문,17
2023,수원시,일반,200000298,1280,파장동북부차고지,10
2023,수원시,일반,201000356,2884,미영아파트,10
2023,수원시,일반,201000357,2861,수원은혜교회.한양수자인파크원아파트,12
2023,수원시,일반,201000389,2926,고색동입구,23
2023,수원시,일반,200000127,1218,SK스카이뷰.SK아트리움,10
2023,수원시,일반,200000140,1191,보훈원복지타운.보훈요양원,4
2023,수원시,일반,200000245,1249,조원고등학교,3
2023,수원시,일반,200000011,1164,하광교느티나무,1
2023,수원시,일반,200000043,1107,도체육회관.대림e-편한세상,2
2023,수원시,일반,203000372,4358,영통구보건소.수원체육문화센터,2
2023,수원시,일반,203000379,4365,삼성DigitalCity정문,1
2023,수원시,일반,201000487,2974,온정마을,1
2023,수원시,일반,202000212,3047,향교.팔달보건소.중앙침례교회,20
2023,수원시,일반,202000236,3148,현대모닝아파트,1
2023,수원시,일반,202000068,3086,동부지구대.수원시장기요양지원센터.수병원,2
2023,수원시,일반,200000279,1254,조원시장,4
2023,수원시,일반,202000213,3039,세무서.신용회복위원회,22
2023,수원시,일반,201000500,2341,호매실입구(구운동),9
2023,수원시,일반,200000088,1079,화서역.화서주공3단지,6
2023,수원시,일반,200000108,1054,우방아파트.한화아파트.SK아파트,6
2023,수원시,일반,200000099,1052,우방아파트.한화아파트.SK아파트,7
2023,수원시,일반,201000102,2078,엠코타운아파트,5
2023,수원시,일반,203000275,4290,광교센트럴뷰.힐스테이트레이크,9
2023,수원시,일반,201000233,2240,한솔아파트.한림도서관,8
2023,수원시,일반,201000465,2869,당수초등학교.삼정아파트,3
2023,수원시,일반,201000140,2127,경기상상캠퍼스.푸른지대,2
2023,수원시,일반,201000147,2036,삼익3차아파트,8
2023,수원시,일반,201000429,2932,한국방송통신대학교,4
2023,수원시,일반,203000068,4042,구법원사거리,27
2023,수원시,일반,201000045,2175,세류사거리,10
2023,수원시,일반,201000038,2051,수영오거리.방송통신대입구,10
2023,수원시,일반,201000080,2204,수원농협권선지점,2
2023,수원시,일반,201000077,2006,대명고등학교,5
2023,수원시,일반,203000340,4319,수원광교박물관.광교이마트,4
2023,수원시,일반,201000440,2941,호매실엔루체,9
2023,수원시,일반,200000188,1139,장안문.느림보타운,5
2023,수원시,일반,200000183,1259,장안공원,21
2023,수원시,일반,200000282,1126,국세청삼거리.아주편한병원,16
2023,수원시,일반,200000018,1421,조원뉴타운2단지,1
2023,수원시,일반,201000234,2249,축산물유통센터.수원아이파크4단지,4
2023,수원시,일반,201000421,2921,수원아이파크2단지,1
2023,수원시,일반,203000267,4266,광교중앙역.광교고등학교,2
2023,수원시,일반,203000266,4268,광교중앙역.광교고등학교,2
2023,수원시,일반,202000059,3063,수원미디어센터,6
2023,수원시,일반,203000318,4310,광교대광로제비앙,2
2023,수원시,일반,203000360,4346,수원시동부차고지,10
2023,수원시,일반,203000382,4382,매탄그린빌4단지,1
2023,수원시,일반,203000325,4303,광교카페거리.대림e편한세상,4
2023,수원시,일반,203000448,4435,대선초.e편한세상영통2차아파트,1
2023,수원시,일반,201000579,2340,호매실입구(탑동),10
2023,수원시,일반,200000028,1004,신일아파트,1
2023,수원시,일반,202000005,3126,아주대.아주대학교병원,22
2023,수원시,일반,202000010,3090,수원시청역8번출구.씨네파크.헌혈의집,13
2023,수원시,일반,201000132,2133,농업유전자원센터.경기도기숙사.수원유스호스텔,2
2023,수원시,일반,201000130,2081,청구1차아파트,4
2023,수원시,일반,201000222,0,수원남부버스공영차고지,4
2023,수원시,일반,201000486,2973,온정마을,1
2023,수원시,일반,202000205,3031,병무청입구,20
2023,수원시,일반,202000210,3057,수원중고교.구세군수원영문,8
2023,수원시,일반,201000164,2061,오목천동사거리,15
2023,수원시,일반,201000179,2003,LG빌리지1차.와이씨티칠보마을6단지아파트,10
2023,수원시,일반,202000087,3168,수원미디어센터,6
2023,수원시,일반,202000088,3171,수원역,5
2023,수원시,일반,200000278,1255,조원시장,4
2023,수원시,일반,201000052,2193,세류역,10
2023,수원시,일반,201000068,2152,평동,1
2023,수원시,일반,201000085,2172,수원센트럴타운2단지.수원역해모로아파트,1
2023,수원시,일반,202000250,3155,진흥.천천푸르지오아파트,1
2023,수원시,일반,203000079,4124,삼성전자입구,13
2023,수원시,일반,200000181,1185,보훈교육원.반딧불이연무시장,4
2023,수원시,일반,200000180,1184,경기남부보훈지청.경기도교육청,4
2023,수원시,일반,200000178,1209,KB손해보험인재니움,4
2023,수원시,일반,203000259,4212,매탄위브하늘채,8
2023,수원시,일반,203000261,4260,광교역.광교대학로,4
2023,수원시,일반,203000260,4259,광교역.광교대학로,4
2023,수원시,일반,202000109,3198,화서문로터리,15
2023,수원시,일반,202000053,3088,우만동4단지,19
2023,수원시,일반,202000057,3059,팔달구청.수원화성박물관,6
2023,수원시,일반,201000204,2866,매탄권선역.화홍고등학교,3
2023,수원시,일반,203000140,4082,망포역7번출구.벽적골8단지,6
2023,수원시,일반,203000127,4024,영통구청,2
2023,수원시,일반,203000135,4149,살구골공원.영통역3번출구,8
2023,수원시,일반,203000137,4120,신나무실아파트,8
2023,수원시,일반,203000145,4095,센트럴하이츠아파트,1
2023,수원시,일반,201000441,2937,자목마을입구.한양수자인파크원아파트,8
2023,수원시,일반,201000160,0,국립농업박물관,13
2023,수원시,일반,202000207,3053,매교다리,11
2023,수원시,일반,203000317,4309,광교대광로제비앙,2
2023,수원시,일반,203000356,4340,호반베르디움,2
2023,수원시,일반,203000390,4378,광교센트럴타운62단지.힐스테이트레이크,3
2023,수원시,일반,203000195,4205,백자아파트,1
2023,수원시,일반,203000279,4267,원천호수사거리.힐스테이트광교,2
2023,수원시,일반,203000301,4327,신풍초등학교.자연앤자이,1
2023,수원시,일반,200000005,1205,광교산입구.경기대수원캠퍼스,1
2023,수원시,일반,203000160,4012,삼성2차아파트,14
2023,수원시,일반,203000164,4233,경기소방본부,8
2023,수원시,일반,203000173,4128,풍림아파트,2
2023,수원시,일반,203000439,4426,광교카페거리입구,1
2023,수원시,일반,201000187,2121,구운동삼환아파트,10
2023,수원시,일반,203000095,4066,원천초교,1
2023,수원시,일반,203000102,4195,매탄권선역.그린빌주공6단지,3
2023,수원시,일반,203000109,4089,망포1동주민센터.삼정라츠.늘푸른벽산,18
2023,수원시,일반,203000122,4160,청명역3번출구,15
2023,수원시,일반,201000502,2902,수원공용버스터미널(시외),1
2023,수원시,일반,201000062,2144,자동차매매센터,1
2023,수원시,일반,201000079,2220,세권사거리,1
2023,수원시,일반,201000093,2038,삼익아파트,5
2023,수원시,일반,202000251,3156,화서푸르지오,3
2023,수원시,일반,203000003,4138,영덕중학교.영흥수목원.은혜와진리교회,1
2023,수원시,일반,203000005,4159,황곡초등학교.주공아파트,1
2023,수원시,일반,201000438,2939,호매실스위첸19단지.능실마을22단지,7
2023,수원시,일반,203000051,4062,광교중흥S클래스,2
2023,수원시,일반,203000305,4278,광교호반마을입구,4
2023,수원시,일반,201000474,2961,센트럴어반시티,10
2023,수원시,일반,201000237,2241,한솔아파트.한림도서관,8
2023,수원시,일반,201000126,2109,도로교통관리사업소,4
2023,수원시,일반,201000194,2183,세류2동주민센터,12
2023,수원시,일반,201000311,2285,입북동주민센터,1
2023,수원시,일반,203000400,4397,광교중앙.경기도청.아주대역환승센터,15
2023,수원시,일반,203000322,4330,경기도청.연무중학교.써밋플레이스광교,2
2023,수원시,일반,200000186,1131,수원KT위즈파크.경기도청소년활동진흥상담복지센터,18
2023,수원시,일반,201000211,2265,우남아파트,9
2023,수원시,일반,201000216,2085,한봄고등학교,1
2023,수원시,일반,201000203,2191,미영아파트,10
2023,수원시,일반,201000196,2201,남수원초등학교,12
2023,수원시,일반,203000123,4150,영통역,13
2023,수원시,일반,203000148,4177,망포중학교,18
2023,수원시,일반,200000046,0,광교산더샵퍼스트파크아파트,4
2023,수원시,일반,203000159,4009,매탄주공4단지.매탄1동주민센터,15
2023,수원시,일반,203000162,4235,매탄위브하늘채.경기아트센터,12
2023,수원시,일반,203000179,4023,아주대삼거리,21
2023,수원시,일반,203000402,4398,광교체육센터.다산중학교,1
2023,수원시,일반,203000035,4184,경기대수원캠퍼스후문,5
2023,수원시,일반,200000313,1284,수원북중후문.경기도교육청,3
2023,수원시,일반,203000043,4021,경기도경제과학진흥원,6
2023,수원시,일반,203000042,4186,푸르지오월드마크.차세대융합기술연구원,13
2023,수원시,일반,201000192,2224,수원버스터미널,17
2023,수원시,일반,201000220,2072,한국산업인력공단,1
2023,수원시,일반,203000113,4049,한국2차아파트.산남중학교,4
2023,수원시,일반,203000110,4020,매탄성일아파트,8
2023,수원시,일반,203000119,4123,삼성전자입구,17
2023,수원시,일반,203000121,4162,청명역1번출구.청명산,8
